"reason","institution","removed_path","kept_path","removed_name","kept_name","bytes","sha256"
"exact_sha256_duplicate","금융감독원","C:\Users\sosoj\Documents\PNU-ChatBot\src\data\금융감독원\(게시용)제2023-2호 (2).hwp","C:\Users\sosoj\Documents\PNU-ChatBot\src\data\금융감독원\(게시용)제2023-2호.hwp","(게시용)제2023-2호 (2).hwp","(게시용)제2023-2호.hwp","83456","ffd362ebeb3d6ec5b7fe0df923e0f861a1991b09c500748cb8800030d4797283"
"exact_sha256_duplicate","금융감독원","C:\Users\sosoj\Documents\PNU-ChatBot\src\data\금융감독원\(게시용)제2026-3호 (2).hwp","C:\Users\sosoj\Documents\PNU-ChatBot\src\data\금융감독원\(게시용)제2026-3호.hwp","(게시용)제2026-3호 (2).hwp","(게시용)제2026-3호.hwp","409600","0fb34441bed6053b77ff1cf40ab730d597ee3e9787c32ef104d8f1d97ed8c54f"
"exact_sha256_duplicate","금융감독원","C:\Users\sosoj\Documents\PNU-ChatBot\src\data\금융감독원\(게시용)제2026-4호 (2).hwp","C:\Users\sosoj\Documents\PNU-ChatBot\src\data\금융감독원\(게시용)제2026-4호.hwp","(게시용)제2026-4호 (2).hwp","(게시용)제2026-4호.hwp","160768","2f2c4b2f52352c29a3d6ca5e0598bd385a39e815fb79d46c45c5bc5052f9ffd4"
"exact_sha256_duplicate","금융감독원","C:\Users\sosoj\Documents\PNU-ChatBot\src\data\금융감독원\(게시용)제2026-5호 (2).hwp","C:\Users\sosoj\Documents\PNU-ChatBot\src\data\금융감독원\(게시용)제2026-5호.hwp","(게시용)제2026-5호 (2).hwp","(게시용)제2026-5호.hwp","176640","76c97d171c30e10c58c5c8274c32bd280a2f004fd97520f7bef65bedbe35714f"
"exact_sha256_duplicate","금융감독원","C:\Users\sosoj\Documents\PNU-ChatBot\src\data\금융감독원\(제2022-7호)_게시용 (2).hwp","C:\Users\sosoj\Documents\PNU-ChatBot\src\data\금융감독원\(제2022-7호)_게시용.hwp","(제2022-7호)_게시용 (2).hwp","(제2022-7호)_게시용.hwp","161280","b2145824f3107ba0e64a74fdbc41f753a1f8b7cd829c15cc890ab328cdb758ea"
"exact_sha256_duplicate","금융감독원","C:\Users\sosoj\Documents\PNU-ChatBot\src\data\금융감독원\(제2022-8호)_게시용 (2).hwp","C:\Users\sosoj\Documents\PNU-ChatBot\src\data\금융감독원\(제2022-8호)_게시용.hwp","(제2022-8호)_게시용 (2).hwp","(제2022-8호)_게시용.hwp","81408","c334559c0339f4e52f99727ef5949486392a1ed82713d4953a049ecd340fc489"
"exact_sha256_duplicate","금융감독원","C:\Users\sosoj\Documents\PNU-ChatBot\src\data\금융감독원\글로벌채권 펀드 배상비율 산정기준(게시용) (2).hwp","C:\Users\sosoj\Documents\PNU-ChatBot\src\data\금융감독원\글로벌채권 펀드 배상비율 산정기준(게시용).hwp","글로벌채권 펀드 배상비율 산정기준(게시용) (2).hwp","글로벌채권 펀드 배상비율 산정기준(게시용).hwp","133632","d5a8d36559cc77d750e00a261b9cf23c94ae1bd9c60642268ffeb02dc804cccc"
"exact_sha256_duplicate","금융감독원","C:\Users\sosoj\Documents\PNU-ChatBot\src\data\금융감독원\라임 국내 및 CI펀드 배상비율 산정기준(게시용) (2).hwp","C:\Users\sosoj\Documents\PNU-ChatBot\src\data\금융감독원\라임 국내 및 CI펀드 배상비율 산정기준(게시용).hwp","라임 국내 및 CI펀드 배상비율 산정기준(게시용) (2).hwp","라임 국내 및 CI펀드 배상비율 산정기준(게시용).hwp","71168","4f44dd8835df4533b7d0f1899f5d181ebecc2c68450bf113a4cff8b12e9cde02"
"exact_sha256_duplicate","금융감독원","C:\Users\sosoj\Documents\PNU-ChatBot\src\data\금융감독원\아시아 무역금융 펀드 배상비율 산정기준(게시용) (2).hwp","C:\Users\sosoj\Documents\PNU-ChatBot\src\data\금융감독원\아시아 무역금융 펀드 배상비율 산정기준(게시용).hwp","아시아 무역금융 펀드 배상비율 산정기준(게시용) (2).hwp","아시아 무역금융 펀드 배상비율 산정기준(게시용).hwp","69632","2772ac28ec5beb81b82d574d6bdfa88519673890c504583654045d2151120769"
"exact_sha256_duplicate","금융감독원","C:\Users\sosoj\Documents\PNU-ChatBot\src\data\금융감독원\제2022-10호(게시용) (2).hwp","C:\Users\sosoj\Documents\PNU-ChatBot\src\data\금융감독원\제2022-10호(게시용).hwp","제2022-10호(게시용) (2).hwp","제2022-10호(게시용).hwp","236032","2e2396dff4ca0860289a04e534f856cf814bde0c6440836002c3c2c7f51a4dca"
"exact_sha256_duplicate","금융감독원","C:\Users\sosoj\Documents\PNU-ChatBot\src\data\금융감독원\제2022-11호(게시용) (2).hwp","C:\Users\sosoj\Documents\PNU-ChatBot\src\data\금융감독원\제2022-11호(게시용).hwp","제2022-11호(게시용) (2).hwp","제2022-11호(게시용).hwp","233984","7d42cd6441838397ee9d45f09c84d3bbc7c8d137e91712f4c91fd5dc1b7a0368"
"exact_sha256_duplicate","금융감독원","C:\Users\sosoj\Documents\PNU-ChatBot\src\data\금융감독원\제2022-12호(게시용) (2).hwp","C:\Users\sosoj\Documents\PNU-ChatBot\src\data\금융감독원\제2022-12호(게시용).hwp","제2022-12호(게시용) (2).hwp","제2022-12호(게시용).hwp","228864","999a18dd254737841dec4ee5b60806e6d9c1aa67a3eb0f620ebebe31a211b093"
"exact_sha256_duplicate","금융감독원","C:\Users\sosoj\Documents\PNU-ChatBot\src\data\금융감독원\제2022-13호(게시용) (2).hwp","C:\Users\sosoj\Documents\PNU-ChatBot\src\data\금융감독원\제2022-13호(게시용).hwp","제2022-13호(게시용) (2).hwp","제2022-13호(게시용).hwp","229376","ca530cae3482beab318ce6931c06afd2198336e3f240c6bb5fcca21a4e6f6d24"
"exact_sha256_duplicate","금융감독원","C:\Users\sosoj\Documents\PNU-ChatBot\src\data\금융감독원\제2022-14호(게시용) (2).hwp","C:\Users\sosoj\Documents\PNU-ChatBot\src\data\금융감독원\제2022-14호(게시용).hwp","제2022-14호(게시용) (2).hwp","제2022-14호(게시용).hwp","227840","06a0e752bd849125ee05cca9666d159f149d6297e4f2a36e4d77c8dd9820cfad"
"exact_sha256_duplicate","금융감독원","C:\Users\sosoj\Documents\PNU-ChatBot\src\data\금융감독원\제2022-9호(게시용) (2).hwp","C:\Users\sosoj\Documents\PNU-ChatBot\src\data\금융감독원\제2022-9호(게시용).hwp","제2022-9호(게시용) (2).hwp","제2022-9호(게시용).hwp","308224","cd32829d88e52d3fb12334ea17b9e2c072abc9d51c8caf9f4a8166735f0e46b9"
"exact_sha256_duplicate","금융감독원","C:\Users\sosoj\Documents\PNU-ChatBot\src\data\금융감독원\제2023-1호(게시용) (2).hwp","C:\Users\sosoj\Documents\PNU-ChatBot\src\data\금융감독원\제2023-1호(게시용).hwp","제2023-1호(게시용) (2).hwp","제2023-1호(게시용).hwp","549888","b238e26e42189f004f621c53e56c0d9d6feb35945dd958fe81aaac55d12cd0a6"
"exact_sha256_duplicate","금융감독원","C:\Users\sosoj\Documents\PNU-ChatBot\src\data\금융감독원\제2023-3호(게시용) (2).hwp","C:\Users\sosoj\Documents\PNU-ChatBot\src\data\금융감독원\제2023-3호(게시용).hwp","제2023-3호(게시용) (2).hwp","제2023-3호(게시용).hwp","769024","74289f3996a4158eab49c06460ad8e2bede209537a6a6b0cc3e58ebba7c43016"
"exact_sha256_duplicate","금융감독원","C:\Users\sosoj\Documents\PNU-ChatBot\src\data\금융감독원\제2025-1호(게시용) (2).hwp","C:\Users\sosoj\Documents\PNU-ChatBot\src\data\금융감독원\제2025-1호(게시용).hwp","제2025-1호(게시용) (2).hwp","제2025-1호(게시용).hwp","144896","0e2d627ea9e7ce0c64088acb9494538037fdb1fc4203384de7b4a790d169f594"
"exact_sha256_duplicate","금융감독원","C:\Users\sosoj\Documents\PNU-ChatBot\src\data\금융감독원\제2025-2호(게시용) (2).hwp","C:\Users\sosoj\Documents\PNU-ChatBot\src\data\금융감독원\제2025-2호(게시용).hwp","제2025-2호(게시용) (2).hwp","제2025-2호(게시용).hwp","148992","84245b812466e65afab75be2f8c381b6ae7cf07ccb069af4ac525c4f4ee5e8f8"
"exact_sha256_duplicate","금융감독원","C:\Users\sosoj\Documents\PNU-ChatBot\src\data\금융감독원\제2025-3호(게시용) (2).hwp","C:\Users\sosoj\Documents\PNU-ChatBot\src\data\금융감독원\제2025-3호(게시용).hwp","제2025-3호(게시용) (2).hwp","제2025-3호(게시용).hwp","145408","74b6e96d64b5a8956a3e55fec7d153b09100444d14e5268392f1b3dd9510585b"
"exact_sha256_duplicate","금융감독원","C:\Users\sosoj\Documents\PNU-ChatBot\src\data\금융감독원\제2025-4호(게시용) (2).hwp","C:\Users\sosoj\Documents\PNU-ChatBot\src\data\금융감독원\제2025-4호(게시용).hwp","제2025-4호(게시용) (2).hwp","제2025-4호(게시용).hwp","153600","7056884bbf38671058fcaf4eb993789ade17d795eb08c0013e8504a6c5e6638c"
"exact_sha256_duplicate","금융감독원","C:\Users\sosoj\Documents\PNU-ChatBot\src\data\금융감독원\제2026-1호(게시용) (2).hwp","C:\Users\sosoj\Documents\PNU-ChatBot\src\data\금융감독원\제2026-1호(게시용).hwp","제2026-1호(게시용) (2).hwp","제2026-1호(게시용).hwp","166912","4532a3df0f448ceec8a7f1818aefa0f287d86ae3e852cb77679f7f57fee1bb9d"
"exact_sha256_duplicate","금융감독원","C:\Users\sosoj\Documents\PNU-ChatBot\src\data\금융감독원\제2026-2호(게시용) (2).hwp","C:\Users\sosoj\Documents\PNU-ChatBot\src\data\금융감독원\제2026-2호(게시용).hwp","제2026-2호(게시용) (2).hwp","제2026-2호(게시용).hwp","166912","f79b4fca5a5be45b1102c95581c908a16fb6bb52b523903331f27342a88ee38f"
"exact_sha256_duplicate","한국은행","C:\Users\sosoj\Documents\PNU-ChatBot\src\data\한국은행\_fileSrc_portal_f514048c945f4e19ba9688a0a3ecb105_2_700fe0a2c066401a81cde04c70a18336.pdf","C:\Users\sosoj\Documents\PNU-ChatBot\src\data\한국은행\국문보도자료(2601).pdf","_fileSrc_portal_f514048c945f4e19ba9688a0a3ecb105_2_700fe0a2c066401a81cde04c70a18336.pdf","국문보도자료(2601).pdf","210285","acbc6ebca5b88e8c4de97650c527aea4d6bb197b526f844a0b5da00fcf843592"
"exact_sha256_duplicate","한국거래소","C:\Users\sosoj\Documents\PNU-ChatBot\src\data\한국거래소\(공지) 24년코스닥시장공시상장관리해설서.pdf","C:\Users\sosoj\Documents\PNU-ChatBot\src\data\한국거래소\(공지) 24년코스닥시장공시상장관리해설서 (3).pdf","(공지) 24년코스닥시장공시상장관리해설서.pdf","(공지) 24년코스닥시장공시상장관리해설서 (3).pdf","5266495","04e0b6e5b099a497401afd6a43c7cb5007a5478817c34ae2cdbd956507776c84"
"exact_sha256_duplicate","한국거래소","C:\Users\sosoj\Documents\PNU-ChatBot\src\data\한국거래소\(공지)25년코스닥시장공시상장관리해설서.pdf","C:\Users\sosoj\Documents\PNU-ChatBot\src\data\한국거래소\(공지)25년코스닥시장공시상장관리해설서 (3).pdf","(공지)25년코스닥시장공시상장관리해설서.pdf","(공지)25년코스닥시장공시상장관리해설서 (3).pdf","7684160","daee1b900d069a22acc1ee7051be46919760bc4d1a933bdadef661440e35c16c"
"exact_sha256_duplicate","한국거래소","C:\Users\sosoj\Documents\PNU-ChatBot\src\data\한국거래소\2026 코스닥 상장심사 이해와 실무.pdf","C:\Users\sosoj\Documents\PNU-ChatBot\src\data\한국거래소\2026 코스닥 상장심사 이해와 실무 (3).pdf","2026 코스닥 상장심사 이해와 실무.pdf","2026 코스닥 상장심사 이해와 실무 (3).pdf","2012889","a171592fdb4e7735a4c1c5b98e341c090c9e432a33776c47004bf99019599b50"
"same_title_different_format","금융감독원","C:\Users\sosoj\Documents\PNU-ChatBot\src\data\금융감독원\(금융위)240607(보도자료) 2024년 상반기 금융복합기업집단 소속금융회사 임직원 교육 실시.hwp","C:\Users\sosoj\Documents\PNU-ChatBot\src\data\금융감독원\(금융위)240607(보도자료) 2024년 상반기 금융복합기업집단 소속금융회사 임직원 교육 실시.pdf","(금융위)240607(보도자료) 2024년 상반기 금융복합기업집단 소속금융회사 임직원 교육 실시.hwp","(금융위)240607(보도자료) 2024년 상반기 금융복합기업집단 소속금융회사 임직원 교육 실시.pdf","849920","c7b351a453a2c953cfdabc37d64a2b389f96a66c6c4474b03a4de0ad444a12cb"
"same_title_different_format","금융감독원","C:\Users\sosoj\Documents\PNU-ChatBot\src\data\금융감독원\(금융위)241127(보도자료) 2024년 하반기 금융복합기업집단 소속금융회사 임직원 교육 실시.hwp","C:\Users\sosoj\Documents\PNU-ChatBot\src\data\금융감독원\(금융위)241127(보도자료) 2024년 하반기 금융복합기업집단 소속금융회사 임직원 교육 실시.pdf","(금융위)241127(보도자료) 2024년 하반기 금융복합기업집단 소속금융회사 임직원 교육 실시.hwp","(금융위)241127(보도자료) 2024년 하반기 금융복합기업집단 소속금융회사 임직원 교육 실시.pdf","863232","35e6a9f6dd323e73ec4c65f55e33df8e3ac7c082d5380857bb25dff591cfa3ae"
"same_title_different_format","금융감독원","C:\Users\sosoj\Documents\PNU-ChatBot\src\data\금융감독원\(보도자료) 「금융복합기업집단 감독규정」 규정변경 예고 및 내부통제 개선방안 마련.hwp","C:\Users\sosoj\Documents\PNU-ChatBot\src\data\금융감독원\(보도자료) 「금융복합기업집단 감독규정」 규정변경 예고 및 내부통제 개선방안 마련.pdf","(보도자료) 「금융복합기업집단 감독규정」 규정변경 예고 및 내부통제 개선방안 마련.hwp","(보도자료) 「금융복합기업집단 감독규정」 규정변경 예고 및 내부통제 개선방안 마련.pdf","729600","8abc769d2df9e9986b240f81d23b47f4ca8c1abd933d64d07e0813ae9784b97d"
"same_title_different_format","금융감독원","C:\Users\sosoj\Documents\PNU-ChatBot\src\data\금융감독원\(보도자료) 「금융복합기업집단 감독규정」 일부개정고시안 금융위원회 의결.hwp","C:\Users\sosoj\Documents\PNU-ChatBot\src\data\금융감독원\(보도자료) 「금융복합기업집단 감독규정」 일부개정고시안 금융위원회 의결.pdf","(보도자료) 「금융복합기업집단 감독규정」 일부개정고시안 금융위원회 의결.hwp","(보도자료) 「금융복합기업집단 감독규정」 일부개정고시안 금융위원회 의결.pdf","502784","4f990c6c8facd13eb011be00d0f1a86963f9d55c4282c327ab478f1d8053515e"
"same_title_different_format","금융감독원","C:\Users\sosoj\Documents\PNU-ChatBot\src\data\금융감독원\(은행,중소서민금융,금융투자)분쟁조정사례집2017_FF_.hwp","C:\Users\sosoj\Documents\PNU-ChatBot\src\data\금융감독원\(은행,중소서민금융,금융투자)분쟁조정사례집2017_FF_.pdf","(은행,중소서민금융,금융투자)분쟁조정사례집2017_FF_.hwp","(은행,중소서민금융,금융투자)분쟁조정사례집2017_FF_.pdf","8165376","c57beb3a6da1bf4d2e3ffd02a3207c31135cb1ba992552648031350fc7bdf780"
"same_title_different_format","금융감독원","C:\Users\sosoj\Documents\PNU-ChatBot\src\data\금융감독원\200702 (보도참고) 금융소비자 피해 집중분야 전면점검 합동회의 개최_.hwp","C:\Users\sosoj\Documents\PNU-ChatBot\src\data\금융감독원\200702 (보도참고) 금융소비자 피해 집중분야 전면점검 합동회의 개최_.pdf","200702 (보도참고) 금융소비자 피해 집중분야 전면점검 합동회의 개최_.hwp","200702 (보도참고) 금융소비자 피해 집중분야 전면점검 합동회의 개최_.pdf","273408","a961b9be458dcbc616c1e52f7cfb5b2c7bd0b805578e4e7e25ed0b3b7ec58263"
"same_title_different_format","금융감독원","C:\Users\sosoj\Documents\PNU-ChatBot\src\data\금융감독원\20180212_보도자료_보이는ARS_원스톱팀_최종_.hwp","C:\Users\sosoj\Documents\PNU-ChatBot\src\data\금융감독원\20180212_보도자료_보이는ARS_원스톱팀_최종_.pdf","20180212_보도자료_보이는ARS_원스톱팀_최종_.hwp","20180212_보도자료_보이는ARS_원스톱팀_최종_.pdf","4813824","8bf2dd60e8958031510894db8fcff9a95d4256c9323a6c55fc51be6ce85bfec5"
"same_title_different_format","금융감독원","C:\Users\sosoj\Documents\PNU-ChatBot\src\data\금융감독원\2025 금융감독원-금융감독정보 3호(통권 1128호)F.hwp","C:\Users\sosoj\Documents\PNU-ChatBot\src\data\금융감독원\2025 금융감독원-금융감독정보 3호(통권 1128호)F.pdf","2025 금융감독원-금융감독정보 3호(통권 1128호)F.hwp","2025 금융감독원-금융감독정보 3호(통권 1128호)F.pdf","2036224","0f6136b38f1c5c5fb98127d67500520a1717e347ed77d41f8a4f66b49efb7874"
"same_title_different_format","금융감독원","C:\Users\sosoj\Documents\PNU-ChatBot\src\data\금융감독원\210223_조간_2020년 유사투자자문업자 불법불건전 영업행위 점검결과F_.hwp","C:\Users\sosoj\Documents\PNU-ChatBot\src\data\금융감독원\210223_조간_2020년 유사투자자문업자 불법불건전 영업행위 점검결과F_.pdf","210223_조간_2020년 유사투자자문업자 불법불건전 영업행위 점검결과F_.hwp","210223_조간_2020년 유사투자자문업자 불법불건전 영업행위 점검결과F_.pdf","265216","6262aed2f076d6dd2b47864f33378932691a771b76b4fc295d91cb034e73ec06"
"same_title_different_format","금융감독원","C:\Users\sosoj\Documents\PNU-ChatBot\src\data\금융감독원\210331_금소법10문10답_게시용_.hwp","C:\Users\sosoj\Documents\PNU-ChatBot\src\data\금융감독원\210331_금소법10문10답_게시용_.pdf","210331_금소법10문10답_게시용_.hwp","210331_금소법10문10답_게시용_.pdf","235520","bf9a1e8af0688448913e97ec4f0ed520b4d01160398737c90247be736c392380"
"same_title_different_format","금융감독원","C:\Users\sosoj\Documents\PNU-ChatBot\src\data\금융감독원\210405_배포시_주식리딩방 근절을 위한 투자자 Check Point 3가지_.hwp","C:\Users\sosoj\Documents\PNU-ChatBot\src\data\금융감독원\210405_배포시_주식리딩방 근절을 위한 투자자 Check Point 3가지_.pdf","210405_배포시_주식리딩방 근절을 위한 투자자 Check Point 3가지_.hwp","210405_배포시_주식리딩방 근절을 위한 투자자 Check Point 3가지_.pdf","366592","a90775d377652a7bbc78df96764655b0591c83ab72844ca8771e184ed9decc1d"
"same_title_different_format","금융감독원","C:\Users\sosoj\Documents\PNU-ChatBot\src\data\금융감독원\210426_금융소비자보호법 FAQ 답변(3차)_게시용_.hwp","C:\Users\sosoj\Documents\PNU-ChatBot\src\data\금융감독원\210426_금융소비자보호법 FAQ 답변(3차)_게시용_.pdf","210426_금융소비자보호법 FAQ 답변(3차)_게시용_.hwp","210426_금융소비자보호법 FAQ 답변(3차)_게시용_.pdf","26624","916c3aeb4e2e70ae1442a7c6fea0a352db717f9149df3bb67a1f9eaaf0288f59"
"same_title_different_format","금융감독원","C:\Users\sosoj\Documents\PNU-ChatBot\src\data\금융감독원\210520_조간_(보도자료) 494개 부적격 유사투자자문업자 직권말소 처리_.hwp","C:\Users\sosoj\Documents\PNU-ChatBot\src\data\금융감독원\210520_조간_(보도자료) 494개 부적격 유사투자자문업자 직권말소 처리_.pdf","210520_조간_(보도자료) 494개 부적격 유사투자자문업자 직권말소 처리_.hwp","210520_조간_(보도자료) 494개 부적격 유사투자자문업자 직권말소 처리_.pdf","144896","4e5d7904b752a88dbd53cb4bf93b50bbef7f04965bc2c924546d9e97c2de4d52"
"same_title_different_format","금융감독원","C:\Users\sosoj\Documents\PNU-ChatBot\src\data\금융감독원\230918_금융소비자용 금소법 안내자료_f.hwp","C:\Users\sosoj\Documents\PNU-ChatBot\src\data\금융감독원\230918_금융소비자용 금소법 안내자료_f.pdf","230918_금융소비자용 금소법 안내자료_f.hwp","230918_금융소비자용 금소법 안내자료_f.pdf","11835904","fac1a900442d17d118cda07610f3542c65964d1541be4a3403e6130b6ae23e64"
"same_title_different_format","금융감독원","C:\Users\sosoj\Documents\PNU-ChatBot\src\data\금융감독원\230919_금융소비자보호법 설명자료_f.hwp","C:\Users\sosoj\Documents\PNU-ChatBot\src\data\금융감독원\230919_금융소비자보호법 설명자료_f.pdf","230919_금융소비자보호법 설명자료_f.hwp","230919_금융소비자보호법 설명자료_f.pdf","415232","0f4449ccfb41de2373453bff54bc39eea840e65023cbc817c216977d85ab5b76"
"same_title_different_format","금융감독원","C:\Users\sosoj\Documents\PNU-ChatBot\src\data\금융감독원\231229 독립금융상품자문업 등록 심사 매뉴얼_배포용f.hwp","C:\Users\sosoj\Documents\PNU-ChatBot\src\data\금융감독원\231229 독립금융상품자문업 등록 심사 매뉴얼_배포용f.pdf","231229 독립금융상품자문업 등록 심사 매뉴얼_배포용f.hwp","231229 독립금융상품자문업 등록 심사 매뉴얼_배포용f.pdf","226816","23f41a5a1df60f0bf00b2157a6fe61738d94c9b9576cbe9c1acfbf7050b8183b"
"same_title_different_format","금융감독원","C:\Users\sosoj\Documents\PNU-ChatBot\src\data\금융감독원\231229_대출모집인 등록 심사 매뉴얼_배포용f.hwp","C:\Users\sosoj\Documents\PNU-ChatBot\src\data\금융감독원\231229_대출모집인 등록 심사 매뉴얼_배포용f.pdf","231229_대출모집인 등록 심사 매뉴얼_배포용f.hwp","231229_대출모집인 등록 심사 매뉴얼_배포용f.pdf","93696","26324cba8d70de886c21b26d28a4db7a268ba9cdc511a1bcf60dc950d20348ee"
"same_title_different_format","금융감독원","C:\Users\sosoj\Documents\PNU-ChatBot\src\data\금융감독원\240621_(보도자료) 조간_'23년말 금융복합기업집단 자본적정성 비율.hwp","C:\Users\sosoj\Documents\PNU-ChatBot\src\data\금융감독원\240621_(보도자료) 조간_'23년말 금융복합기업집단 자본적정성 비율.pdf","240621_(보도자료) 조간_'23년말 금융복합기업집단 자본적정성 비율.hwp","240621_(보도자료) 조간_'23년말 금융복합기업집단 자본적정성 비율.pdf","364032","71c77f416ce74c04f066725b05ba090bf1f8f57c6ee410d8f9e59729e13e95d8"
"same_title_different_format","금융감독원","C:\Users\sosoj\Documents\PNU-ChatBot\src\data\금융감독원\241107 (보도자료) 석간_'24.6월말 금융복합기업집단 자본적정성 비율.hwp","C:\Users\sosoj\Documents\PNU-ChatBot\src\data\금융감독원\241107 (보도자료) 석간_'24.6월말 금융복합기업집단 자본적정성 비율.pdf","241107 (보도자료) 석간_'24.6월말 금융복합기업집단 자본적정성 비율.hwp","241107 (보도자료) 석간_'24.6월말 금융복합기업집단 자본적정성 비율.pdf","362496","c8bebcfb2c13128ddc447dd1a65412491dc12d561c903609308332cff45e1136"
"same_title_different_format","금융감독원","C:\Users\sosoj\Documents\PNU-ChatBot\src\data\금융감독원\2411_증권사 최선집행의무 가이드라인 관련 Q&A F.hwp","C:\Users\sosoj\Documents\PNU-ChatBot\src\data\금융감독원\2411_증권사 최선집행의무 가이드라인 관련 Q&A F.pdf","2411_증권사 최선집행의무 가이드라인 관련 Q&A F.hwp","2411_증권사 최선집행의무 가이드라인 관련 Q&A F.pdf","121344","e45e1fac1b7b64cf44e63a8394e9de8ce7a191592feff243ea77a01645bf400a"
"same_title_different_format","금융감독원","C:\Users\sosoj\Documents\PNU-ChatBot\src\data\금융감독원\250605_(보도자료) 2024년도 유사투자자문업자 영업실태 점검결과 및 투자자 유의사항_vF.hwp","C:\Users\sosoj\Documents\PNU-ChatBot\src\data\금융감독원\250605_(보도자료) 2024년도 유사투자자문업자 영업실태 점검결과 및 투자자 유의사항_vF.pdf","250605_(보도자료) 2024년도 유사투자자문업자 영업실태 점검결과 및 투자자 유의사항_vF.hwp","250605_(보도자료) 2024년도 유사투자자문업자 영업실태 점검결과 및 투자자 유의사항_vF.pdf","143360","3a200e74a6166967a1c27b46eabe4abcb1231748a3b3f39fdfad46599aa63110"
"same_title_different_format","금융감독원","C:\Users\sosoj\Documents\PNU-ChatBot\src\data\금융감독원\250624_(보도자료) '24년말 금융복합기업집단 자본적정성 비율.hwp","C:\Users\sosoj\Documents\PNU-ChatBot\src\data\금융감독원\250624_(보도자료) '24년말 금융복합기업집단 자본적정성 비율.pdf","250624_(보도자료) '24년말 금융복합기업집단 자본적정성 비율.hwp","250624_(보도자료) '24년말 금융복합기업집단 자본적정성 비율.pdf","368128","faf552913ae20931266047c09b028e3150d04e9be72e72b690c61c066912f2b7"
"same_title_different_format","금융감독원","C:\Users\sosoj\Documents\PNU-ChatBot\src\data\금융감독원\250709(보도자료) 2025년도 금융복합기업집단 지정.hwp","C:\Users\sosoj\Documents\PNU-ChatBot\src\data\금융감독원\250709(보도자료) 2025년도 금융복합기업집단 지정.pdf","250709(보도자료) 2025년도 금융복합기업집단 지정.hwp","250709(보도자료) 2025년도 금융복합기업집단 지정.pdf","763904","7ccad319e670faefdf7b0dbd109d5174638e04031cb02f39975e26990d50490e"
"same_title_different_format","금융감독원","C:\Users\sosoj\Documents\PNU-ChatBot\src\data\금융감독원\251119_(보도자료) 25.6월말 금융복합기업집단 자본적정성 비율.hwp","C:\Users\sosoj\Documents\PNU-ChatBot\src\data\금융감독원\251119_(보도자료) 25.6월말 금융복합기업집단 자본적정성 비율.pdf","251119_(보도자료) 25.6월말 금융복합기업집단 자본적정성 비율.hwp","251119_(보도자료) 25.6월말 금융복합기업집단 자본적정성 비율.pdf","306688","e47476420044bfea0744570f7a6cc9c3ef27e9cbed7305a8b1c815f8c92607b0"
"same_title_different_format","금융감독원","C:\Users\sosoj\Documents\PNU-ChatBot\src\data\금융감독원\260420_(보도자료) 유사투자자문업자에 대한 검사, 제재를 통해 투자자 피해 예방을 위해 노력하겠습니다..hwp","C:\Users\sosoj\Documents\PNU-ChatBot\src\data\금융감독원\260420_(보도자료) 유사투자자문업자에 대한 검사, 제재를 통해 투자자 피해 예방을 위해 노력하겠습니다..pdf","260420_(보도자료) 유사투자자문업자에 대한 검사, 제재를 통해 투자자 피해 예방을 위해 노력하겠습니다..hwp","260420_(보도자료) 유사투자자문업자에 대한 검사, 제재를 통해 투자자 피해 예방을 위해 노력하겠습니다..pdf","472064","1decfbb5e597390fea825a0d7fc3bd9c6423b53f04aa38663f2fedaea56cf952"
"same_title_different_format","금융감독원","C:\Users\sosoj\Documents\PNU-ChatBot\src\data\금융감독원\260423_(보도자료) 제2차 금융소비자보호자문위원회 회의 개최FF(최종).hwp","C:\Users\sosoj\Documents\PNU-ChatBot\src\data\금융감독원\260423_(보도자료) 제2차 금융소비자보호자문위원회 회의 개최FF(최종).pdf","260423_(보도자료) 제2차 금융소비자보호자문위원회 회의 개최FF(최종).hwp","260423_(보도자료) 제2차 금융소비자보호자문위원회 회의 개최FF(최종).pdf","119808","0dfb81a7495387042d0a8c04c955cb1bfec087c98eb3b367e770ad6cdb5842a3"
"same_title_different_format","금융감독원","C:\Users\sosoj\Documents\PNU-ChatBot\src\data\금융감독원\260511_(보도설명) 「이찬진 저신용자는 은행이 맡아야... 새희망홀씨 확대 주문」 보도에 대한 설명(파이낸셜뉴스 5.11일자).hwp","C:\Users\sosoj\Documents\PNU-ChatBot\src\data\금융감독원\260511_(보도설명) 「이찬진 저신용자는 은행이 맡아야... 새희망홀씨 확대 주문」 보도에 대한 설명(파이낸셜뉴스 5.11일자).pdf","260511_(보도설명) 「이찬진 저신용자는 은행이 맡아야... 새희망홀씨 확대 주문」 보도에 대한 설명(파이낸셜뉴스 5.11일자).hwp","260511_(보도설명) 「이찬진 저신용자는 은행이 맡아야... 새희망홀씨 확대 주문」 보도에 대한 설명(파이낸셜뉴스 5.11일자).pdf","196096","ea6bd74b8bff4c3a533a36a89ad97c663b8c3e514ff14de0a22fd946350100a1"
"same_title_different_format","금융감독원","C:\Users\sosoj\Documents\PNU-ChatBot\src\data\금융감독원\260515_(보도설명) 「홍콩 ELS 과징금 1조원 아래로 내려간다...조단위 아닐 것」 보도에 대한 설명.hwp","C:\Users\sosoj\Documents\PNU-ChatBot\src\data\금융감독원\260515_(보도설명) 「홍콩 ELS 과징금 1조원 아래로 내려간다...조단위 아닐 것」 보도에 대한 설명.pdf","260515_(보도설명) 「홍콩 ELS 과징금 1조원 아래로 내려간다...조단위 아닐 것」 보도에 대한 설명.hwp","260515_(보도설명) 「홍콩 ELS 과징금 1조원 아래로 내려간다...조단위 아닐 것」 보도에 대한 설명.pdf","145408","53b03232ea1c543cee0ad69647c97c12fc02b59f10c57574f6d81f8ebb308ddc"
"same_title_different_format","금융감독원","C:\Users\sosoj\Documents\PNU-ChatBot\src\data\금융감독원\260521_(보도설명) 홍콩 H 지수 ELS 불완전판매 조치안 관련 구체적인 과징금 규모는 향후 금융위원회 정례회의를 통해 결정될 예정입니다..hwp","C:\Users\sosoj\Documents\PNU-ChatBot\src\data\금융감독원\260521_(보도설명) 홍콩 H 지수 ELS 불완전판매 조치안 관련 구체적인 과징금 규모는 향후 금융위원회 정례회의를 통해 결정될 예정입니다..pdf","260521_(보도설명) 홍콩 H 지수 ELS 불완전판매 조치안 관련 구체적인 과징금 규모는 향후 금융위원회 정례회의를 통해 결정될 예정입니다..hwp","260521_(보도설명) 홍콩 H 지수 ELS 불완전판매 조치안 관련 구체적인 과징금 규모는 향후 금융위원회 정례회의를 통해 결정될 예정입니다..pdf","470528","74e66b5ae3f0d8529c6128cfd75a1d4ebc3eda375fe0eff216931e8b9d29528c"
"same_title_different_format","금융감독원","C:\Users\sosoj\Documents\PNU-ChatBot\src\data\금융감독원\260526_(보도설명) 「상장사 중대 회계 부정땐...즉각 퇴출조치 내린다」 보도에 대한 설명.hwp","C:\Users\sosoj\Documents\PNU-ChatBot\src\data\금융감독원\260526_(보도설명) 「상장사 중대 회계 부정땐...즉각 퇴출조치 내린다」 보도에 대한 설명.pdf","260526_(보도설명) 「상장사 중대 회계 부정땐...즉각 퇴출조치 내린다」 보도에 대한 설명.hwp","260526_(보도설명) 「상장사 중대 회계 부정땐...즉각 퇴출조치 내린다」 보도에 대한 설명.pdf","198144","9c36478724a1bf7b6f016dc955383d27622b08c405a5ee0b57483c4715256c2f"
"same_title_different_format","금융감독원","C:\Users\sosoj\Documents\PNU-ChatBot\src\data\금융감독원\260608_(보도자료) 개정 상법 정착 및 주주가치 제고를 위한 찾아가는 기업공시 설명회 개최.hwp","C:\Users\sosoj\Documents\PNU-ChatBot\src\data\금융감독원\260608_(보도자료) 개정 상법 정착 및 주주가치 제고를 위한 찾아가는 기업공시 설명회 개최.pdf","260608_(보도자료) 개정 상법 정착 및 주주가치 제고를 위한 찾아가는 기업공시 설명회 개최.hwp","260608_(보도자료) 개정 상법 정착 및 주주가치 제고를 위한 찾아가는 기업공시 설명회 개최.pdf","231936","eca07bb5ad08a9219158bac181bb8c7012f97c38e8e571f1d42f013d3e53ee08"
"same_title_different_format","금융감독원","C:\Users\sosoj\Documents\PNU-ChatBot\src\data\금융감독원\260623_(보도자료) 자기주식 보유, 처분 공시 강화해 기업가치 제고 뒷받침한다!.hwp","C:\Users\sosoj\Documents\PNU-ChatBot\src\data\금융감독원\260623_(보도자료) 자기주식 보유, 처분 공시 강화해 기업가치 제고 뒷받침한다!.pdf","260623_(보도자료) 자기주식 보유, 처분 공시 강화해 기업가치 제고 뒷받침한다!.hwp","260623_(보도자료) 자기주식 보유, 처분 공시 강화해 기업가치 제고 뒷받침한다!.pdf","391168","d72bec63e233e922eef78c2e824d3487d3401a28ba6122372dfd4d51fd0b0739"
"same_title_different_format","금융감독원","C:\Users\sosoj\Documents\PNU-ChatBot\src\data\금융감독원\260626_(보도자료) 25.12월말 기준 금융회사 해외 부동산 대체투자 현황.hwp","C:\Users\sosoj\Documents\PNU-ChatBot\src\data\금융감독원\260626_(보도자료) 25.12월말 기준 금융회사 해외 부동산 대체투자 현황.pdf","260626_(보도자료) 25.12월말 기준 금융회사 해외 부동산 대체투자 현황.hwp","260626_(보도자료) 25.12월말 기준 금융회사 해외 부동산 대체투자 현황.pdf","227328","e65008dd2edefb9e4960030cf12de8132af6e94c8b8875cbaf06045b7d8d7e16"
"same_title_different_format","금융감독원","C:\Users\sosoj\Documents\PNU-ChatBot\src\data\금융감독원\260626_(보도자료) 유동화회사의 장기연체채권 1.0조원 새도약기금 매각, 11만명 추심과 연체이자의 고통에서 벗어난다.hwp","C:\Users\sosoj\Documents\PNU-ChatBot\src\data\금융감독원\260626_(보도자료) 유동화회사의 장기연체채권 1.0조원 새도약기금 매각, 11만명 추심과 연체이자의 고통에서 벗어난다.pdf","260626_(보도자료) 유동화회사의 장기연체채권 1.0조원 새도약기금 매각, 11만명 추심과 연체이자의 고통에서 벗어난다.hwp","260626_(보도자료) 유동화회사의 장기연체채권 1.0조원 새도약기금 매각, 11만명 추심과 연체이자의 고통에서 벗어난다.pdf","365568","ef70374b845de740fdc830125db9864a6935da1900a67cd3144324b791d29a8d"
"same_title_different_format","금융감독원","C:\Users\sosoj\Documents\PNU-ChatBot\src\data\금융감독원\260626_(보도참고) 26.7월부터 KOFR 기반 거래를 활성화하기 위한 행정지도를 실시합니다.hwp","C:\Users\sosoj\Documents\PNU-ChatBot\src\data\금융감독원\260626_(보도참고) 26.7월부터 KOFR 기반 거래를 활성화하기 위한 행정지도를 실시합니다.pdf","260626_(보도참고) 26.7월부터 KOFR 기반 거래를 활성화하기 위한 행정지도를 실시합니다.hwp","260626_(보도참고) 26.7월부터 KOFR 기반 거래를 활성화하기 위한 행정지도를 실시합니다.pdf","310784","81d4b88602b5fcbfa6bec764130d41419e060c8f037580e4874cf000d40c0359"
"same_title_different_format","금융감독원","C:\Users\sosoj\Documents\PNU-ChatBot\src\data\금융감독원\260629_(보도자료) 6.29일부터 중, 저신용 취약차주를 위한 중금리 생활안정대출이 출시됩니다..hwp","C:\Users\sosoj\Documents\PNU-ChatBot\src\data\금융감독원\260629_(보도자료) 6.29일부터 중, 저신용 취약차주를 위한 중금리 생활안정대출이 출시됩니다..pdf","260629_(보도자료) 6.29일부터 중, 저신용 취약차주를 위한 중금리 생활안정대출이 출시됩니다..hwp","260629_(보도자료) 6.29일부터 중, 저신용 취약차주를 위한 중금리 생활안정대출이 출시됩니다..pdf","599552","83c012db240bbc133fefd2d01cbb2c6f4a2162031184909ea8b5a96d4c2db013"
"same_title_different_format","금융감독원","C:\Users\sosoj\Documents\PNU-ChatBot\src\data\금융감독원\260629_(보도자료) 7월 1일부터 은행 신규대출의 금리부담이 완화됩니다.hwp","C:\Users\sosoj\Documents\PNU-ChatBot\src\data\금융감독원\260629_(보도자료) 7월 1일부터 은행 신규대출의 금리부담이 완화됩니다.pdf","260629_(보도자료) 7월 1일부터 은행 신규대출의 금리부담이 완화됩니다.hwp","260629_(보도자료) 7월 1일부터 은행 신규대출의 금리부담이 완화됩니다.pdf","302592","213e8cb79f8c617c18b15b7b6c7d46e779aa67363c2591a54d042750368e0c2f"
"same_title_different_format","금융감독원","C:\Users\sosoj\Documents\PNU-ChatBot\src\data\금융감독원\260629_(보도자료) 금감원, 2026년 상반기 은행권 내부통제 워크숍 개최.hwp","C:\Users\sosoj\Documents\PNU-ChatBot\src\data\금융감독원\260629_(보도자료) 금감원, 2026년 상반기 은행권 내부통제 워크숍 개최.pdf","260629_(보도자료) 금감원, 2026년 상반기 은행권 내부통제 워크숍 개최.hwp","260629_(보도자료) 금감원, 2026년 상반기 은행권 내부통제 워크숍 개최.pdf","306688","b39f4ae07a9941a9ba81f85009b3252e422407c1e034e6dd36b4aeecafda6f82"
"same_title_different_format","금융감독원","C:\Users\sosoj\Documents\PNU-ChatBot\src\data\금융감독원\260629_(보도자료) 금융감독원, 전자금융사고 대응 역량 및 IT복원력 강화를 위한 「금융IT 리스크 대응회의」 개최.hwp","C:\Users\sosoj\Documents\PNU-ChatBot\src\data\금융감독원\260629_(보도자료) 금융감독원, 전자금융사고 대응 역량 및 IT복원력 강화를 위한 「금융IT 리스크 대응회의」 개최.pdf","260629_(보도자료) 금융감독원, 전자금융사고 대응 역량 및 IT복원력 강화를 위한 「금융IT 리스크 대응회의」 개최.hwp","260629_(보도자료) 금융감독원, 전자금융사고 대응 역량 및 IT복원력 강화를 위한 「금융IT 리스크 대응회의」 개최.pdf","215552","e8cf235b0b4c97554e5743e651254b8f7b3dbd7fdb9e7869547b57a3b0f34819"
"same_title_different_format","금융감독원","C:\Users\sosoj\Documents\PNU-ChatBot\src\data\금융감독원\260629_(보도자료) 보험부채 평가기준의 합리성과 신뢰성이 제고되고, IFRS17(23년 시행) 체계하 보험업권도 리스크 관리를 위한 K-ICS 내부모형을 활용할 수 있게 되는 등 보험회사와 리스크관리 역량이 더욱 고도화됩니다..hwp","C:\Users\sosoj\Documents\PNU-ChatBot\src\data\금융감독원\260629_(보도자료) 보험부채 평가기준의 합리성과 신뢰성이 제고되고, IFRS17(23년 시행) 체계하 보험업권도 리스크 관리를 위한 K-ICS 내부모형을 활용할 수 있게 되는 등 보험회사와 리스크관리 역량이 더욱 고도화됩니다..pdf","260629_(보도자료) 보험부채 평가기준의 합리성과 신뢰성이 제고되고, IFRS17(23년 시행) 체계하 보험업권도 리스크 관리를 위한 K-ICS 내부모형을 활용할 수 있게 되는 등 보험회사와 리스크관리 역량이 더욱 고도화됩니다..hwp","260629_(보도자료) 보험부채 평가기준의 합리성과 신뢰성이 제고되고, IFRS17(23년 시행) 체계하 보험업권도 리스크 관리를 위한 K-ICS 내부모형을 활용할 수 있게 되는 등 보험회사와 리스크관리 역량이 더욱 고도화됩니다..pdf","426496","5910daf496b419fc40582df73ba58c30f394ef62f464a4ff2eefaba497d3ba6d"
"same_title_different_format","금융감독원","C:\Users\sosoj\Documents\PNU-ChatBot\src\data\금융감독원\260629_(보도자료) 보험상품 대리청구인 지정 제도를 개선하여 소비자의 보험금 청구권을 지켜드리겠습니다.hwp","C:\Users\sosoj\Documents\PNU-ChatBot\src\data\금융감독원\260629_(보도자료) 보험상품 대리청구인 지정 제도를 개선하여 소비자의 보험금 청구권을 지켜드리겠습니다.pdf","260629_(보도자료) 보험상품 대리청구인 지정 제도를 개선하여 소비자의 보험금 청구권을 지켜드리겠습니다.hwp","260629_(보도자료) 보험상품 대리청구인 지정 제도를 개선하여 소비자의 보험금 청구권을 지켜드리겠습니다.pdf","2944000","6b1908fc0fc2c58ce456b9095df5a86eb9c39e1cde0ef479bf23c7aa01aecd33"
"same_title_different_format","금융감독원","C:\Users\sosoj\Documents\PNU-ChatBot\src\data\금융감독원\「내부회계관리제도 평가 및 보고 가이드라인」_일부 개정(241223)_Clean ver..hwp","C:\Users\sosoj\Documents\PNU-ChatBot\src\data\금융감독원\「내부회계관리제도 평가 및 보고 가이드라인」_일부 개정(241223)_Clean ver..pdf","「내부회계관리제도 평가 및 보고 가이드라인」_일부 개정(241223)_Clean ver..hwp","「내부회계관리제도 평가 및 보고 가이드라인」_일부 개정(241223)_Clean ver..pdf","448512","434d76604ddb25633c378d47b115b5f7ec392e1074c4c44eeb64138e0479945e"
"same_title_different_format","금융감독원","C:\Users\sosoj\Documents\PNU-ChatBot\src\data\금융감독원\금소법 안내 자료_게시용_.hwp","C:\Users\sosoj\Documents\PNU-ChatBot\src\data\금융감독원\금소법 안내 자료_게시용_.pdf","금소법 안내 자료_게시용_.hwp","금소법 안내 자료_게시용_.pdf","370688","9cee38b2e5a35af9ebb67a91632b75e594cd5f0b20772ca54e5d62aa9603754d"
"same_title_different_format","금융감독원","C:\Users\sosoj\Documents\PNU-ChatBot\src\data\금융감독원\금융분야 가명익명처리 안내서_.hwp","C:\Users\sosoj\Documents\PNU-ChatBot\src\data\금융감독원\금융분야 가명익명처리 안내서_.pdf","금융분야 가명익명처리 안내서_.hwp","금융분야 가명익명처리 안내서_.pdf","1257984","f7014da48a9f1d031c3e58b97d5200c7f850265c077143c967ee11bcb4eeaf70"
"same_title_different_format","금융감독원","C:\Users\sosoj\Documents\PNU-ChatBot\src\data\금융감독원\금융상품판매대리중개업자(대출성 상품) 등록 심사 매뉴얼_(26.5월개정)_F.hwp","C:\Users\sosoj\Documents\PNU-ChatBot\src\data\금융감독원\금융상품판매대리중개업자(대출성 상품) 등록 심사 매뉴얼_(26.5월개정)_F.pdf","금융상품판매대리중개업자(대출성 상품) 등록 심사 매뉴얼_(26.5월개정)_F.hwp","금융상품판매대리중개업자(대출성 상품) 등록 심사 매뉴얼_(26.5월개정)_F.pdf","107520","d3e78c9e4a2ac53dcaf8eb456512e2ff60d1f760f6aa15d9e61bfcad110e1062"
"same_title_different_format","금융감독원","C:\Users\sosoj\Documents\PNU-ChatBot\src\data\금융감독원\금융상품판매대리중개업자(대출성 상품) 등록 심사 매뉴얼_F.hwp","C:\Users\sosoj\Documents\PNU-ChatBot\src\data\금융감독원\금융상품판매대리중개업자(대출성 상품) 등록 심사 매뉴얼_F.pdf","금융상품판매대리중개업자(대출성 상품) 등록 심사 매뉴얼_F.hwp","금융상품판매대리중개업자(대출성 상품) 등록 심사 매뉴얼_F.pdf","166400","7dc935c59b792496979f175fb361d4ec8f238dd6a41cab28ebebb57bae770738"
"same_title_different_format","금융감독원","C:\Users\sosoj\Documents\PNU-ChatBot\src\data\금융감독원\금융소비자보호법 시행으로 달라지는 금융생활_.jpg","C:\Users\sosoj\Documents\PNU-ChatBot\src\data\금융감독원\금융소비자보호법 시행으로 달라지는 금융생활_.pdf","금융소비자보호법 시행으로 달라지는 금융생활_.jpg","금융소비자보호법 시행으로 달라지는 금융생활_.pdf","3544613","290715a59315bd56e8e02d9943d2fd5f8f831045c21cb8adf8ead0789f4d6e6b"
"same_title_different_format","금융감독원","C:\Users\sosoj\Documents\PNU-ChatBot\src\data\금융감독원\내부회계관리제도 평가·보고 기준 및 가이드라인 (2단 대비표)_일부개정(241223)_Clean ver..hwp","C:\Users\sosoj\Documents\PNU-ChatBot\src\data\금융감독원\내부회계관리제도 평가·보고 기준 및 가이드라인 (2단 대비표)_일부개정(241223)_Clean ver..pdf","내부회계관리제도 평가·보고 기준 및 가이드라인 (2단 대비표)_일부개정(241223)_Clean ver..hwp","내부회계관리제도 평가·보고 기준 및 가이드라인 (2단 대비표)_일부개정(241223)_Clean ver..pdf","473600","fe8a668b5633adf41a17b3448944b5abe4b2503363bda033295b7370e83199fb"
"same_title_different_format","금융감독원","C:\Users\sosoj\Documents\PNU-ChatBot\src\data\금융감독원\대출모집인 등록 심사 매뉴얼_배포용_FN_.hwp","C:\Users\sosoj\Documents\PNU-ChatBot\src\data\금융감독원\대출모집인 등록 심사 매뉴얼_배포용_FN_.pdf","대출모집인 등록 심사 매뉴얼_배포용_FN_.hwp","대출모집인 등록 심사 매뉴얼_배포용_FN_.pdf","138752","d058fe8ddab838234bde0f0f265cce4782ff074a57dca53d7a99ba9d096725dd"
"same_title_different_format","금융감독원","C:\Users\sosoj\Documents\PNU-ChatBot\src\data\금융감독원\독립금융상품자문업 등록 심사 매뉴얼_배포용_.hwp","C:\Users\sosoj\Documents\PNU-ChatBot\src\data\금융감독원\독립금융상품자문업 등록 심사 매뉴얼_배포용_.pdf","독립금융상품자문업 등록 심사 매뉴얼_배포용_.hwp","독립금융상품자문업 등록 심사 매뉴얼_배포용_.pdf","192512","2b6e817ec7673a1c05e09230742868e3e9876290287bdeeae84a5e6fa275ac3e"
"same_title_different_format","금융감독원","C:\Users\sosoj\Documents\PNU-ChatBot\src\data\금융감독원\반사회적 불법대부계약 무효화 소송 안내문 및 신청서식_FF.hwp","C:\Users\sosoj\Documents\PNU-ChatBot\src\data\금융감독원\반사회적 불법대부계약 무효화 소송 안내문 및 신청서식_FF.pdf","반사회적 불법대부계약 무효화 소송 안내문 및 신청서식_FF.hwp","반사회적 불법대부계약 무효화 소송 안내문 및 신청서식_FF.pdf","91648","91f5eab4f4cbb03a3e020ea51b6d8b366b36053740b20b1be8cbe23bb3d8f383"
"same_title_different_format","금융감독원","C:\Users\sosoj\Documents\PNU-ChatBot\src\data\금융감독원\보험회사 K-ICS 내부모형 승인제도 매뉴얼(게시용).hwp","C:\Users\sosoj\Documents\PNU-ChatBot\src\data\금융감독원\보험회사 K-ICS 내부모형 승인제도 매뉴얼(게시용).pdf","보험회사 K-ICS 내부모형 승인제도 매뉴얼(게시용).hwp","보험회사 K-ICS 내부모형 승인제도 매뉴얼(게시용).pdf","431104","28440d4e286200be916adf77e1367943d2937466a39778b8697a9347a705febf"
"same_title_different_format","금융감독원","C:\Users\sosoj\Documents\PNU-ChatBot\src\data\금융감독원\증권사 최선집행의무 가이드라인 관련 Q&A FF.hwp","C:\Users\sosoj\Documents\PNU-ChatBot\src\data\금융감독원\증권사 최선집행의무 가이드라인 관련 Q&A FF.pdf","증권사 최선집행의무 가이드라인 관련 Q&A FF.hwp","증권사 최선집행의무 가이드라인 관련 Q&A FF.pdf","99840","dc37db873002d7a766a70d4e5534363b2233a4432214b5ae9bba11ec66bdd4fa"
"same_title_different_format","금융감독원","C:\Users\sosoj\Documents\PNU-ChatBot\src\data\금융감독원\품질관리감리_매뉴얼(공개용)_.hwp","C:\Users\sosoj\Documents\PNU-ChatBot\src\data\금융감독원\품질관리감리_매뉴얼(공개용)_.pdf","품질관리감리_매뉴얼(공개용)_.hwp","품질관리감리_매뉴얼(공개용)_.pdf","189440","76d4f5ed3b8b5511e4563c043b50118c86b8373dccf312acbf176ee50bc69ac2"
"same_title_different_format","한국은행","C:\Users\sosoj\Documents\PNU-ChatBot\src\data\한국은행\(20260517) [보도자료] 2026년 4월 금융시장 동향_금융시장국.hwp","C:\Users\sosoj\Documents\PNU-ChatBot\src\data\한국은행\(20260517) [보도자료] 2026년 4월 금융시장 동향_금융시장국.pdf","(20260517) [보도자료] 2026년 4월 금융시장 동향_금융시장국.hwp","(20260517) [보도자료] 2026년 4월 금융시장 동향_금융시장국.pdf","140288","f369b72c4f15b5bc63174d0240ada1022af6bc562fb969f6f0f256b4c9c2b036"
"same_title_different_format","한국은행","C:\Users\sosoj\Documents\PNU-ChatBot\src\data\한국은행\(별첨1) 디지털화폐 테스트(프로젝트 한강) 일반 이용자 실거래 실시 계획.hwp","C:\Users\sosoj\Documents\PNU-ChatBot\src\data\한국은행\(별첨1) 디지털화폐 테스트(프로젝트 한강) 일반 이용자 실거래 실시 계획.pdf","(별첨1) 디지털화폐 테스트(프로젝트 한강) 일반 이용자 실거래 실시 계획.hwp","(별첨1) 디지털화폐 테스트(프로젝트 한강) 일반 이용자 실거래 실시 계획.pdf","834560","56e8ac9c556e339d0683364388c56e73e355e7b0f85682858828016ec6cb49f8"
"same_title_different_format","한국은행","C:\Users\sosoj\Documents\PNU-ChatBot\src\data\한국은행\(보도자료) 2025년 지역별·통화별 국제투자대조표(잠정).hwp","C:\Users\sosoj\Documents\PNU-ChatBot\src\data\한국은행\(보도자료) 2025년 지역별·통화별 국제투자대조표(잠정).pdf","(보도자료) 2025년 지역별·통화별 국제투자대조표(잠정).hwp","(보도자료) 2025년 지역별·통화별 국제투자대조표(잠정).pdf","985600","661a91d76a7e793e4c2548e650b8b26233a7f5fa70ef42c7c04969e668e26125"
"same_title_different_format","한국은행","C:\Users\sosoj\Documents\PNU-ChatBot\src\data\한국은행\(보도자료) 2026년 6월 대전세종충남지역 소비자동향조사 결과_f.hwp","C:\Users\sosoj\Documents\PNU-ChatBot\src\data\한국은행\(보도자료) 2026년 6월 대전세종충남지역 소비자동향조사 결과_f.pdf","(보도자료) 2026년 6월 대전세종충남지역 소비자동향조사 결과_f.hwp","(보도자료) 2026년 6월 대전세종충남지역 소비자동향조사 결과_f.pdf","1517568","93ff8c247482dd723daacb98e6ec8179e684f4419f93d3bb85f62df4c22b14b9"
"same_title_different_format","한국은행","C:\Users\sosoj\Documents\PNU-ChatBot\src\data\한국은행\(보도자료) 2026년 6월 인천지역 소비자동향조사 결과.hwp","C:\Users\sosoj\Documents\PNU-ChatBot\src\data\한국은행\(보도자료) 2026년 6월 인천지역 소비자동향조사 결과.pdf","(보도자료) 2026년 6월 인천지역 소비자동향조사 결과.hwp","(보도자료) 2026년 6월 인천지역 소비자동향조사 결과.pdf","194560","b0c2a7b65baa0dfb876f01c00b8b3d84a84a575630492378acb7a14b1df590dc"
"same_title_different_format","한국은행","C:\Users\sosoj\Documents\PNU-ChatBot\src\data\한국은행\(보도자료) 2026년도 한국은행 울산본부·울산상공회의소 울산경제세미나 개최결과_F.hwp","C:\Users\sosoj\Documents\PNU-ChatBot\src\data\한국은행\(보도자료) 2026년도 한국은행 울산본부·울산상공회의소 울산경제세미나 개최결과_F.pdf","(보도자료) 2026년도 한국은행 울산본부·울산상공회의소 울산경제세미나 개최결과_F.hwp","(보도자료) 2026년도 한국은행 울산본부·울산상공회의소 울산경제세미나 개최결과_F.pdf","231936","b783f73e025e73be431eab5b2a91eacd10ede9e5d2dcbea057bfbe8d58fdc49b"
"same_title_different_format","한국은행","C:\Users\sosoj\Documents\PNU-ChatBot\src\data\한국은행\(보도자료) 한국은행 경남본부와 경상남도상공회의소협의회, 「지역균형성장, 경남의 현황과 과제」를 주제로 지역경제세미나 공동개최_f.hwp","C:\Users\sosoj\Documents\PNU-ChatBot\src\data\한국은행\(보도자료) 한국은행 경남본부와 경상남도상공회의소협의회, 「지역균형성장, 경남의 현황과 과제」를 주제로 지역경제세미나 공동개최_f.pdf","(보도자료) 한국은행 경남본부와 경상남도상공회의소협의회, 「지역균형성장, 경남의 현황과 과제」를 주제로 지역경제세미나 공동개최_f.hwp","(보도자료) 한국은행 경남본부와 경상남도상공회의소협의회, 「지역균형성장, 경남의 현황과 과제」를 주제로 지역경제세미나 공동개최_f.pdf","127488","f896f873834511ec6f724998b0f60d9fb6b0d6013e1abc27c38c52a3afcc0744"
"same_title_different_format","한국은행","C:\Users\sosoj\Documents\PNU-ChatBot\src\data\한국은행\(붙임) 2026년 1차 한국은행 울산본부 외부연구용역 공모 안내문.hwp","C:\Users\sosoj\Documents\PNU-ChatBot\src\data\한국은행\(붙임) 2026년 1차 한국은행 울산본부 외부연구용역 공모 안내문.pdf","(붙임) 2026년 1차 한국은행 울산본부 외부연구용역 공모 안내문.hwp","(붙임) 2026년 1차 한국은행 울산본부 외부연구용역 공모 안내문.pdf","121344","1dc0a2a70b1745afbc21c2bc4ca251ba36fbb3df2342469ad7ebd8297fc5f805"
"same_title_different_format","한국은행","C:\Users\sosoj\Documents\PNU-ChatBot\src\data\한국은행\(붙임) 2026년 6월 강원 영동지역 소비자동향조사 결과_f.hwp","C:\Users\sosoj\Documents\PNU-ChatBot\src\data\한국은행\(붙임) 2026년 6월 강원 영동지역 소비자동향조사 결과_f.pdf","(붙임) 2026년 6월 강원 영동지역 소비자동향조사 결과_f.hwp","(붙임) 2026년 6월 강원 영동지역 소비자동향조사 결과_f.pdf","577024","2523111f6bc809309a3ae3fd3a9cdde6aaef2b25b3ac095e332863d330a6318d"
"same_title_different_format","한국은행","C:\Users\sosoj\Documents\PNU-ChatBot\src\data\한국은행\(붙임) 2026년 6월 기업경기조사표.hwp","C:\Users\sosoj\Documents\PNU-ChatBot\src\data\한국은행\(붙임) 2026년 6월 기업경기조사표.pdf","(붙임) 2026년 6월 기업경기조사표.hwp","(붙임) 2026년 6월 기업경기조사표.pdf","293376","a22220154256ea9b433590980ee5a796d3208825a08d89ed1b73d0b5620dde35"
"same_title_different_format","한국은행","C:\Users\sosoj\Documents\PNU-ChatBot\src\data\한국은행\(붙임) 「포항본부 지방중소기업지원 프로그램 운용기준」 전문.hwp","C:\Users\sosoj\Documents\PNU-ChatBot\src\data\한국은행\(붙임) 「포항본부 지방중소기업지원 프로그램 운용기준」 전문.pdf","(붙임) 「포항본부 지방중소기업지원 프로그램 운용기준」 전문.hwp","(붙임) 「포항본부 지방중소기업지원 프로그램 운용기준」 전문.pdf","73728","17dab762b9b597641e0615a51025f61f97a6ac5c24b3ab831507b299399e9dea"
"same_title_different_format","한국은행","C:\Users\sosoj\Documents\PNU-ChatBot\src\data\한국은행\(붙임) 「프로젝트 한강」 2단계(Phase II) 본격 추진_f.hwp","C:\Users\sosoj\Documents\PNU-ChatBot\src\data\한국은행\(붙임) 「프로젝트 한강」 2단계(Phase II) 본격 추진_f.pdf","(붙임) 「프로젝트 한강」 2단계(Phase II) 본격 추진_f.hwp","(붙임) 「프로젝트 한강」 2단계(Phase II) 본격 추진_f.pdf","83456","2df7793f6439f34b5af17e248767825d073aa7d18b362e23caf7a5add8417e7e"
"same_title_different_format","한국은행","C:\Users\sosoj\Documents\PNU-ChatBot\src\data\한국은행\(붙임) 「한국은행 대전세종충남본부 지방중소기업지원 프로그램 운용기준」 전문(2403)_f.hwp","C:\Users\sosoj\Documents\PNU-ChatBot\src\data\한국은행\(붙임) 「한국은행 대전세종충남본부 지방중소기업지원 프로그램 운용기준」 전문(2403)_f.pdf","(붙임) 「한국은행 대전세종충남본부 지방중소기업지원 프로그램 운용기준」 전문(2403)_f.hwp","(붙임) 「한국은행 대전세종충남본부 지방중소기업지원 프로그램 운용기준」 전문(2403)_f.pdf","82944","ae1239724e6cd2496a7ce89cfedcb017ff4240f28fd979b76e30ca180ef886f5"
"same_title_different_format","한국은행","C:\Users\sosoj\Documents\PNU-ChatBot\src\data\한국은행\(붙임) 단기 통계조사보조원 지원.hwp","C:\Users\sosoj\Documents\PNU-ChatBot\src\data\한국은행\(붙임) 단기 통계조사보조원 지원.pdf","(붙임) 단기 통계조사보조원 지원.hwp","(붙임) 단기 통계조사보조원 지원.pdf","50688","4524526d54ed109b939c40f9e3ba66d464e3f5237e909983efe9397b00bb6454"
"same_title_different_format","한국은행","C:\Users\sosoj\Documents\PNU-ChatBot\src\data\한국은행\(붙임) 부동산 매각 공고(안).hwp","C:\Users\sosoj\Documents\PNU-ChatBot\src\data\한국은행\(붙임) 부동산 매각 공고(안).pdf","(붙임) 부동산 매각 공고(안).hwp","(붙임) 부동산 매각 공고(안).pdf","91648","c493c556bd9fa3212f40ab07d096f3cd6c90b783e716db3fd3ef683cc3ebbcc9"
"same_title_different_format","한국은행","C:\Users\sosoj\Documents\PNU-ChatBot\src\data\한국은행\(붙임) 소비자동향조사표 26.6월.hwp","C:\Users\sosoj\Documents\PNU-ChatBot\src\data\한국은행\(붙임) 소비자동향조사표 26.6월.pdf","(붙임) 소비자동향조사표 26.6월.hwp","(붙임) 소비자동향조사표 26.6월.pdf","200192","06cce0cbb433b72e8607bc4388abf9e6014e8b2e92add418dd989f91a31f7a62"
"same_title_different_format","한국은행","C:\Users\sosoj\Documents\PNU-ChatBot\src\data\한국은행\(붙임) 지원서 양식(개인정보수집이용동의서 포함).hwp","C:\Users\sosoj\Documents\PNU-ChatBot\src\data\한국은행\(붙임) 지원서 양식(개인정보수집이용동의서 포함).pdf","(붙임) 지원서 양식(개인정보수집이용동의서 포함).hwp","(붙임) 지원서 양식(개인정보수집이용동의서 포함).pdf","57344","0e8790078265dc4e91a6284d3de8a6a8004f88e239d10ada8edd150ac21485f5"
"same_title_different_format","한국은행","C:\Users\sosoj\Documents\PNU-ChatBot\src\data\한국은행\(붙임) 포항본부 지방중소기업지원 프로그램 운용기준_전문.hwp","C:\Users\sosoj\Documents\PNU-ChatBot\src\data\한국은행\(붙임) 포항본부 지방중소기업지원 프로그램 운용기준_전문.pdf","(붙임) 포항본부 지방중소기업지원 프로그램 운용기준_전문.hwp","(붙임) 포항본부 지방중소기업지원 프로그램 운용기준_전문.pdf","111104","73f6f39a8e54f72de6241d38849149a404ad509b4a829a0d62c0cba130725e0b"
"same_title_different_format","한국은행","C:\Users\sosoj\Documents\PNU-ChatBot\src\data\한국은행\(붙임) 포항본부 지방중소기업지원 프로그램 운용기준_전문_f.hwp","C:\Users\sosoj\Documents\PNU-ChatBot\src\data\한국은행\(붙임) 포항본부 지방중소기업지원 프로그램 운용기준_전문_f.pdf","(붙임) 포항본부 지방중소기업지원 프로그램 운용기준_전문_f.hwp","(붙임) 포항본부 지방중소기업지원 프로그램 운용기준_전문_f.pdf","115200","6111783f92b81a84ca62f6c10dd52c3b1c5225534a006c4f081e66581dcd9666"
"same_title_different_format","한국은행","C:\Users\sosoj\Documents\PNU-ChatBot\src\data\한국은행\(붙임) 한국은행 경기본부 외부연구용역 공모 안내.hwp","C:\Users\sosoj\Documents\PNU-ChatBot\src\data\한국은행\(붙임) 한국은행 경기본부 외부연구용역 공모 안내.pdf","(붙임) 한국은행 경기본부 외부연구용역 공모 안내.hwp","(붙임) 한국은행 경기본부 외부연구용역 공모 안내.pdf","125440","a4a8b937fb806d152d4afdb1671fc60a97f02dfcd191e99e888fff36e638ec17"
"same_title_different_format","한국은행","C:\Users\sosoj\Documents\PNU-ChatBot\src\data\한국은행\(붙임)2026년 5월호 제주지역 경제동향.hwp","C:\Users\sosoj\Documents\PNU-ChatBot\src\data\한국은행\(붙임)2026년 5월호 제주지역 경제동향.pdf","(붙임)2026년 5월호 제주지역 경제동향.hwp","(붙임)2026년 5월호 제주지역 경제동향.pdf","658944","94c9a72dbe78f77ba945d71bff25afbc3db4735245cd4491aca1eaf4893ede93"
"same_title_different_format","한국은행","C:\Users\sosoj\Documents\PNU-ChatBot\src\data\한국은행\(붙임)6월 소비자동향조사표.hwp","C:\Users\sosoj\Documents\PNU-ChatBot\src\data\한국은행\(붙임)6월 소비자동향조사표.pdf","(붙임)6월 소비자동향조사표.hwp","(붙임)6월 소비자동향조사표.pdf","277504","15c86d8f51d2fb3315f516a67550bcb00f05701a8568f8422543b78ad34b9fb8"
"same_title_different_format","한국은행","C:\Users\sosoj\Documents\PNU-ChatBot\src\data\한국은행\(붙임)한국은행 인천본부 외부연구용역 공모 안내문.hwp","C:\Users\sosoj\Documents\PNU-ChatBot\src\data\한국은행\(붙임)한국은행 인천본부 외부연구용역 공모 안내문.pdf","(붙임)한국은행 인천본부 외부연구용역 공모 안내문.hwp","(붙임)한국은행 인천본부 외부연구용역 공모 안내문.pdf","70656","2da3b610bad03e5427cd80335d91c9d39698a827e01c04b9a8c0cafd143e768d"
"same_title_different_format","한국은행","C:\Users\sosoj\Documents\PNU-ChatBot\src\data\한국은행\(붙임)한국은행 제주본부 외부연구용역 공모 안내.hwp","C:\Users\sosoj\Documents\PNU-ChatBot\src\data\한국은행\(붙임)한국은행 제주본부 외부연구용역 공모 안내.pdf","(붙임)한국은행 제주본부 외부연구용역 공모 안내.hwp","(붙임)한국은행 제주본부 외부연구용역 공모 안내.pdf","62464","0a53a56b723ec6bf4e1bfeb9b8c6907a3c481280f7df62b12fa31ffcaf3e916e"
"same_title_different_format","한국은행","C:\Users\sosoj\Documents\PNU-ChatBot\src\data\한국은행\(붙임1) 「한국은행 경기본부 중소기업 지원자금 운용기준」 주요 개정 내용.hwp","C:\Users\sosoj\Documents\PNU-ChatBot\src\data\한국은행\(붙임1) 「한국은행 경기본부 중소기업 지원자금 운용기준」 주요 개정 내용.pdf","(붙임1) 「한국은행 경기본부 중소기업 지원자금 운용기준」 주요 개정 내용.hwp","(붙임1) 「한국은행 경기본부 중소기업 지원자금 운용기준」 주요 개정 내용.pdf","49664","f96e79c0ec59cc27009ba8b7a62a7c3b811e72e0fac3d1bacb25afbddd3a0a31"
"same_title_different_format","한국은행","C:\Users\sosoj\Documents\PNU-ChatBot\src\data\한국은행\(붙임1) 「한국은행 경남본부 중소기업 지원자금 운용기준」 개정 주요내용_f.hwp","C:\Users\sosoj\Documents\PNU-ChatBot\src\data\한국은행\(붙임1) 「한국은행 경남본부 중소기업 지원자금 운용기준」 개정 주요내용_f.pdf","(붙임1) 「한국은행 경남본부 중소기업 지원자금 운용기준」 개정 주요내용_f.hwp","(붙임1) 「한국은행 경남본부 중소기업 지원자금 운용기준」 개정 주요내용_f.pdf","90624","f814d6955f3f00c09343c412f8bd9a15e34e7caa26ca735d0d09fc277357251c"
"same_title_different_format","한국은행","C:\Users\sosoj\Documents\PNU-ChatBot\src\data\한국은행\(붙임1) 「한국은행 경남본부 중소기업 지원자금 운용기준」 개정(안).hwp","C:\Users\sosoj\Documents\PNU-ChatBot\src\data\한국은행\(붙임1) 「한국은행 경남본부 중소기업 지원자금 운용기준」 개정(안).pdf","(붙임1) 「한국은행 경남본부 중소기업 지원자금 운용기준」 개정(안).hwp","(붙임1) 「한국은행 경남본부 중소기업 지원자금 운용기준」 개정(안).pdf","35328","3688b243e19d807504705be55959bd8cb286ed4f48d6fd98cbbc30ad0c996504"
"same_title_different_format","한국은행","C:\Users\sosoj\Documents\PNU-ChatBot\src\data\한국은행\(붙임1) 「한국은행 경남본부 중소기업 지원자금 운용기준」 주요개정 내용.hwp","C:\Users\sosoj\Documents\PNU-ChatBot\src\data\한국은행\(붙임1) 「한국은행 경남본부 중소기업 지원자금 운용기준」 주요개정 내용.pdf","(붙임1) 「한국은행 경남본부 중소기업 지원자금 운용기준」 주요개정 내용.hwp","(붙임1) 「한국은행 경남본부 중소기업 지원자금 운용기준」 주요개정 내용.pdf","61440","7cf34069f6ba627bd48754a597f650b2bb0e5db41591fe92009bbaf0c8201327"
"same_title_different_format","한국은행","C:\Users\sosoj\Documents\PNU-ChatBot\src\data\한국은행\(붙임1) 「한국은행 경남본부 지방중소기업 지원자금 운용기준」 주요개정 내용.hwp","C:\Users\sosoj\Documents\PNU-ChatBot\src\data\한국은행\(붙임1) 「한국은행 경남본부 지방중소기업 지원자금 운용기준」 주요개정 내용.pdf","(붙임1) 「한국은행 경남본부 지방중소기업 지원자금 운용기준」 주요개정 내용.hwp","(붙임1) 「한국은행 경남본부 지방중소기업 지원자금 운용기준」 주요개정 내용.pdf","55296","8c75f92ca9994b19b5a702628a826d5cc79ade4d328f38612e7668cbc462d552"
"same_title_different_format","한국은행","C:\Users\sosoj\Documents\PNU-ChatBot\src\data\한국은행\(붙임1) 「한국은행 경남본부 지방중소기업지원 프로그램 운용기준」 개정내용.hwp","C:\Users\sosoj\Documents\PNU-ChatBot\src\data\한국은행\(붙임1) 「한국은행 경남본부 지방중소기업지원 프로그램 운용기준」 개정내용.pdf","(붙임1) 「한국은행 경남본부 지방중소기업지원 프로그램 운용기준」 개정내용.hwp","(붙임1) 「한국은행 경남본부 지방중소기업지원 프로그램 운용기준」 개정내용.pdf","53248","39150309c473347d314b0f86eb018da1b09e0a05b7d7a40e9103c6cf3876b19b"
"same_title_different_format","한국은행","C:\Users\sosoj\Documents\PNU-ChatBot\src\data\한국은행\(붙임1) 「한국은행 경남본부 지방중소기업지원 프로그램 운용기준」 개정안 신구조문대비표.hwp","C:\Users\sosoj\Documents\PNU-ChatBot\src\data\한국은행\(붙임1) 「한국은행 경남본부 지방중소기업지원 프로그램 운용기준」 개정안 신구조문대비표.pdf","(붙임1) 「한국은행 경남본부 지방중소기업지원 프로그램 운용기준」 개정안 신구조문대비표.hwp","(붙임1) 「한국은행 경남본부 지방중소기업지원 프로그램 운용기준」 개정안 신구조문대비표.pdf","78848","7ca9c6cae1441cce29ecb59b56c45f98cc9b721ef5bc2002e6919a6eba004a1d"
"same_title_different_format","한국은행","C:\Users\sosoj\Documents\PNU-ChatBot\src\data\한국은행\(붙임1) 「한국은행 대구경북본부 중소기업 지원자금 운용기준」 주요 개정내용.hwp","C:\Users\sosoj\Documents\PNU-ChatBot\src\data\한국은행\(붙임1) 「한국은행 대구경북본부 중소기업 지원자금 운용기준」 주요 개정내용.pdf","(붙임1) 「한국은행 대구경북본부 중소기업 지원자금 운용기준」 주요 개정내용.hwp","(붙임1) 「한국은행 대구경북본부 중소기업 지원자금 운용기준」 주요 개정내용.pdf","71168","7940a4a12dde60647122e9303834a0d8c2d00c0e8dc93f44615dee8f2fb345b3"
"same_title_different_format","한국은행","C:\Users\sosoj\Documents\PNU-ChatBot\src\data\한국은행\(붙임1) 「한국은행 대구경북본부 중소기업 지원자금 운용기준」 주요 개정내용_F.hwp","C:\Users\sosoj\Documents\PNU-ChatBot\src\data\한국은행\(붙임1) 「한국은행 대구경북본부 중소기업 지원자금 운용기준」 주요 개정내용_F.pdf","(붙임1) 「한국은행 대구경북본부 중소기업 지원자금 운용기준」 주요 개정내용_F.hwp","(붙임1) 「한국은행 대구경북본부 중소기업 지원자금 운용기준」 주요 개정내용_F.pdf","35840","ca9ea276808ad165df0946b06a4c80252002bdbcbc029116cd30a868b7027b0d"
"same_title_different_format","한국은행","C:\Users\sosoj\Documents\PNU-ChatBot\src\data\한국은행\(붙임1) 「한국은행 대전세종충남본부 중소기업 지원자금 운용기준」 개정(안)(230330)_게시f.hwp","C:\Users\sosoj\Documents\PNU-ChatBot\src\data\한국은행\(붙임1) 「한국은행 대전세종충남본부 중소기업 지원자금 운용기준」 개정(안)(230330)_게시f.pdf","(붙임1) 「한국은행 대전세종충남본부 중소기업 지원자금 운용기준」 개정(안)(230330)_게시f.hwp","(붙임1) 「한국은행 대전세종충남본부 중소기업 지원자금 운용기준」 개정(안)(230330)_게시f.pdf","58880","130cc4eb94af6881ad23e889eb2bf2796c34de54022f84bb9fa8963f58cb1216"
"same_title_different_format","한국은행","C:\Users\sosoj\Documents\PNU-ChatBot\src\data\한국은행\(붙임1) 「한국은행 대전세종충남본부 중소기업 지원자금 운용기준」 개정(안)(2305)_게시.hwp","C:\Users\sosoj\Documents\PNU-ChatBot\src\data\한국은행\(붙임1) 「한국은행 대전세종충남본부 중소기업 지원자금 운용기준」 개정(안)(2305)_게시.pdf","(붙임1) 「한국은행 대전세종충남본부 중소기업 지원자금 운용기준」 개정(안)(2305)_게시.hwp","(붙임1) 「한국은행 대전세종충남본부 중소기업 지원자금 운용기준」 개정(안)(2305)_게시.pdf","84480","c82df6f149d610905a8f449df2dfc39cf17c0279f1d21ebef75bb10b3c8cee6c"
"same_title_different_format","한국은행","C:\Users\sosoj\Documents\PNU-ChatBot\src\data\한국은행\(붙임1) 「한국은행 대전세종충남본부 중소기업 지원자금 운용기준」 개정(안)(2308)_게시.hwp","C:\Users\sosoj\Documents\PNU-ChatBot\src\data\한국은행\(붙임1) 「한국은행 대전세종충남본부 중소기업 지원자금 운용기준」 개정(안)(2308)_게시.pdf","(붙임1) 「한국은행 대전세종충남본부 중소기업 지원자금 운용기준」 개정(안)(2308)_게시.hwp","(붙임1) 「한국은행 대전세종충남본부 중소기업 지원자금 운용기준」 개정(안)(2308)_게시.pdf","47616","91222424f40b865a41e3ef7a977586dcce8348f5b5edb2656d06d31fdd73ba8b"
"same_title_different_format","한국은행","C:\Users\sosoj\Documents\PNU-ChatBot\src\data\한국은행\(붙임1) 「한국은행 대전세종충남본부 중소기업 지원자금 운용기준」 개정(안)(231205)_게시.hwp","C:\Users\sosoj\Documents\PNU-ChatBot\src\data\한국은행\(붙임1) 「한국은행 대전세종충남본부 중소기업 지원자금 운용기준」 개정(안)(231205)_게시.pdf","(붙임1) 「한국은행 대전세종충남본부 중소기업 지원자금 운용기준」 개정(안)(231205)_게시.hwp","(붙임1) 「한국은행 대전세종충남본부 중소기업 지원자금 운용기준」 개정(안)(231205)_게시.pdf","52224","ce4a642e79301379f790ce95e791ead09362b16907cb4351a78e7a1dd899e5a9"
"same_title_different_format","한국은행","C:\Users\sosoj\Documents\PNU-ChatBot\src\data\한국은행\(붙임1) 「한국은행 대전세종충남본부 지방중소기업지원 프로그램 운용기준」 개정(안)(2408)_게시.hwp","C:\Users\sosoj\Documents\PNU-ChatBot\src\data\한국은행\(붙임1) 「한국은행 대전세종충남본부 지방중소기업지원 프로그램 운용기준」 개정(안)(2408)_게시.pdf","(붙임1) 「한국은행 대전세종충남본부 지방중소기업지원 프로그램 운용기준」 개정(안)(2408)_게시.hwp","(붙임1) 「한국은행 대전세종충남본부 지방중소기업지원 프로그램 운용기준」 개정(안)(2408)_게시.pdf","33280","0ef97df246551781582556dabe6ccac966ee1571756b8e2eb7046e95e3090fc4"
"same_title_different_format","한국은행","C:\Users\sosoj\Documents\PNU-ChatBot\src\data\한국은행\(붙임1) 「한국은행 대전세종충남본부 지방중소기업지원 프로그램 운용기준」 개정(안)(2506)_게시_f.hwp","C:\Users\sosoj\Documents\PNU-ChatBot\src\data\한국은행\(붙임1) 「한국은행 대전세종충남본부 지방중소기업지원 프로그램 운용기준」 개정(안)(2506)_게시_f.pdf","(붙임1) 「한국은행 대전세종충남본부 지방중소기업지원 프로그램 운용기준」 개정(안)(2506)_게시_f.hwp","(붙임1) 「한국은행 대전세종충남본부 지방중소기업지원 프로그램 운용기준」 개정(안)(2506)_게시_f.pdf","100864","8acd66ca124c98119209f7f68887d34c229511d59346499dc56aa73b196a1686"
"same_title_different_format","한국은행","C:\Users\sosoj\Documents\PNU-ChatBot\src\data\한국은행\(붙임1) 「한국은행 대전세종충남본부 지방중소기업지원 프로그램 운용기준」 개정(안)(2508)_게시_f.hwp","C:\Users\sosoj\Documents\PNU-ChatBot\src\data\한국은행\(붙임1) 「한국은행 대전세종충남본부 지방중소기업지원 프로그램 운용기준」 개정(안)(2508)_게시_f.pdf","(붙임1) 「한국은행 대전세종충남본부 지방중소기업지원 프로그램 운용기준」 개정(안)(2508)_게시_f.hwp","(붙임1) 「한국은행 대전세종충남본부 지방중소기업지원 프로그램 운용기준」 개정(안)(2508)_게시_f.pdf","96768","892c99ecd2706ed40cb4e7b97db0b91e0ca9b7ddfe0a1ba23d6ad17543115f61"
"same_title_different_format","한국은행","C:\Users\sosoj\Documents\PNU-ChatBot\src\data\한국은행\(붙임1) 「한국은행 인천본부 중소기업 지원자금 운용기준」 주요 개정 내용.hwp","C:\Users\sosoj\Documents\PNU-ChatBot\src\data\한국은행\(붙임1) 「한국은행 인천본부 중소기업 지원자금 운용기준」 주요 개정 내용.pdf","(붙임1) 「한국은행 인천본부 중소기업 지원자금 운용기준」 주요 개정 내용.hwp","(붙임1) 「한국은행 인천본부 중소기업 지원자금 운용기준」 주요 개정 내용.pdf","120320","9b33a29961f95f2d42b0a5285296ee5efbeb47105550d5b9d1d885a4d0b13508"
"same_title_different_format","한국은행","C:\Users\sosoj\Documents\PNU-ChatBot\src\data\한국은행\(붙임1) 신구조문대비표.hwp","C:\Users\sosoj\Documents\PNU-ChatBot\src\data\한국은행\(붙임1) 신구조문대비표.pdf","(붙임1) 신구조문대비표.hwp","(붙임1) 신구조문대비표.pdf","110592","78d53198794cfb4f3ac2fce62d172905212168f8d9bed5f678f4ed4a718eac66"
"same_title_different_format","한국은행","C:\Users\sosoj\Documents\PNU-ChatBot\src\data\한국은행\(붙임1) 주요 개정내용.hwp","C:\Users\sosoj\Documents\PNU-ChatBot\src\data\한국은행\(붙임1) 주요 개정내용.pdf","(붙임1) 주요 개정내용.hwp","(붙임1) 주요 개정내용.pdf","81920","ad9c25eac3ff2bcbf7b11f6b55779299a6db2b43bc6264c3e9702dfad789a2f9"
"same_title_different_format","한국은행","C:\Users\sosoj\Documents\PNU-ChatBot\src\data\한국은행\(붙임1) 채용 안내.hwp","C:\Users\sosoj\Documents\PNU-ChatBot\src\data\한국은행\(붙임1) 채용 안내.pdf","(붙임1) 채용 안내.hwp","(붙임1) 채용 안내.pdf","70656","4dcd5515173af507c8c53d37a98d974f3e394ea394cc0d343140cc9270ac7f4e"
"same_title_different_format","한국은행","C:\Users\sosoj\Documents\PNU-ChatBot\src\data\한국은행\(붙임1) 한국은행 강릉본부 중소기업 지원자금 운용기준 개정.hwp","C:\Users\sosoj\Documents\PNU-ChatBot\src\data\한국은행\(붙임1) 한국은행 강릉본부 중소기업 지원자금 운용기준 개정.pdf","(붙임1) 한국은행 강릉본부 중소기업 지원자금 운용기준 개정.hwp","(붙임1) 한국은행 강릉본부 중소기업 지원자금 운용기준 개정.pdf","64000","1c2aed496430da05d8c70eb5c193f73cdd74c02ee0dcc032a9310bd5783aaf37"
"same_title_different_format","한국은행","C:\Users\sosoj\Documents\PNU-ChatBot\src\data\한국은행\(붙임1) 한국은행 강릉본부 중소기업 지원자금 운용기준 개정_f.hwp","C:\Users\sosoj\Documents\PNU-ChatBot\src\data\한국은행\(붙임1) 한국은행 강릉본부 중소기업 지원자금 운용기준 개정_f.pdf","(붙임1) 한국은행 강릉본부 중소기업 지원자금 운용기준 개정_f.hwp","(붙임1) 한국은행 강릉본부 중소기업 지원자금 운용기준 개정_f.pdf","59904","332b88567f6c8356649e2b36ae603424d67ed25d971ad7d050425ec7eefc5564"
"same_title_different_format","한국은행","C:\Users\sosoj\Documents\PNU-ChatBot\src\data\한국은행\(붙임1) 한국은행 강릉본부 중소기업지원자금 운용기준 개정안_f.hwp","C:\Users\sosoj\Documents\PNU-ChatBot\src\data\한국은행\(붙임1) 한국은행 강릉본부 중소기업지원자금 운용기준 개정안_f.pdf","(붙임1) 한국은행 강릉본부 중소기업지원자금 운용기준 개정안_f.hwp","(붙임1) 한국은행 강릉본부 중소기업지원자금 운용기준 개정안_f.pdf","68608","e59291d942e4e66e8c53f631680c48839be2af80fc7a33771c58bb3ad92ff92e"
"same_title_different_format","한국은행","C:\Users\sosoj\Documents\PNU-ChatBot\src\data\한국은행\(붙임1) 한국은행 광주전남본부 지방중소기업지원 프로그램 운용기준 주요 개정 내용.hwp","C:\Users\sosoj\Documents\PNU-ChatBot\src\data\한국은행\(붙임1) 한국은행 광주전남본부 지방중소기업지원 프로그램 운용기준 주요 개정 내용.pdf","(붙임1) 한국은행 광주전남본부 지방중소기업지원 프로그램 운용기준 주요 개정 내용.hwp","(붙임1) 한국은행 광주전남본부 지방중소기업지원 프로그램 운용기준 주요 개정 내용.pdf","44544","d9f75a263a82abb2412681d751ef3ce534de4e05fdd61c232ae378d1e07c5039"
"same_title_different_format","한국은행","C:\Users\sosoj\Documents\PNU-ChatBot\src\data\한국은행\(붙임1) 한국은행 목포본부 중소기업 지원자금 운용기준 개정(안)_f.hwp","C:\Users\sosoj\Documents\PNU-ChatBot\src\data\한국은행\(붙임1) 한국은행 목포본부 중소기업 지원자금 운용기준 개정(안)_f.pdf","(붙임1) 한국은행 목포본부 중소기업 지원자금 운용기준 개정(안)_f.hwp","(붙임1) 한국은행 목포본부 중소기업 지원자금 운용기준 개정(안)_f.pdf","114688","26b0f46246ba579a2770938bcf85ce66efeeb261539a3dbc977d92656590c9f0"
"same_title_different_format","한국은행","C:\Users\sosoj\Documents\PNU-ChatBot\src\data\한국은행\(붙임1) 한국은행 목포본부 중소기업 지원자금 운용기준 개정(안)_게시용.hwp","C:\Users\sosoj\Documents\PNU-ChatBot\src\data\한국은행\(붙임1) 한국은행 목포본부 중소기업 지원자금 운용기준 개정(안)_게시용.pdf","(붙임1) 한국은행 목포본부 중소기업 지원자금 운용기준 개정(안)_게시용.hwp","(붙임1) 한국은행 목포본부 중소기업 지원자금 운용기준 개정(안)_게시용.pdf","62464","e9e0c11f52807ee5a79717846d62320830485da0b04b2423fd71bb01329c1515"
"same_title_different_format","한국은행","C:\Users\sosoj\Documents\PNU-ChatBot\src\data\한국은행\(붙임1) 한국은행 목포본부 중소기업 지원자금 운용기준 개정.hwp","C:\Users\sosoj\Documents\PNU-ChatBot\src\data\한국은행\(붙임1) 한국은행 목포본부 중소기업 지원자금 운용기준 개정.pdf","(붙임1) 한국은행 목포본부 중소기업 지원자금 운용기준 개정.hwp","(붙임1) 한국은행 목포본부 중소기업 지원자금 운용기준 개정.pdf","56320","3ffdae5472ad844aa1a46caa6cd7c36b18e2ea33ed16e08877693cd0229c69d7"
"same_title_different_format","한국은행","C:\Users\sosoj\Documents\PNU-ChatBot\src\data\한국은행\(붙임1) 한국은행 목포본부 중소기업 지원자금 운용기준 개정_f.hwp","C:\Users\sosoj\Documents\PNU-ChatBot\src\data\한국은행\(붙임1) 한국은행 목포본부 중소기업 지원자금 운용기준 개정_F.pdf","(붙임1) 한국은행 목포본부 중소기업 지원자금 운용기준 개정_f.hwp","(붙임1) 한국은행 목포본부 중소기업 지원자금 운용기준 개정_F.pdf","55808","4cab646f7d1bef183cc08c5384c11f7c1e44a6584533877742c3a075c08c4d46"
"same_title_different_format","한국은행","C:\Users\sosoj\Documents\PNU-ChatBot\src\data\한국은행\(붙임1) 한국은행 목포본부 지방중소기업지원 프로그램 운용기준 개정(안).hwp","C:\Users\sosoj\Documents\PNU-ChatBot\src\data\한국은행\(붙임1) 한국은행 목포본부 지방중소기업지원 프로그램 운용기준 개정(안).pdf","(붙임1) 한국은행 목포본부 지방중소기업지원 프로그램 운용기준 개정(안).hwp","(붙임1) 한국은행 목포본부 지방중소기업지원 프로그램 운용기준 개정(안).pdf","83968","e81189737066a90ea8776f0bdd486cbf51bf96c14ce26ee964dbc9c1ced7aa55"
"same_title_different_format","한국은행","C:\Users\sosoj\Documents\PNU-ChatBot\src\data\한국은행\(붙임1)2020년6월「한국은행 강원본부 중소기업 지원자금 운용기준」 개정내용.hwp","C:\Users\sosoj\Documents\PNU-ChatBot\src\data\한국은행\(붙임1)2020년6월「한국은행 강원본부 중소기업 지원자금 운용기준」 개정내용.pdf","(붙임1)2020년6월「한국은행 강원본부 중소기업 지원자금 운용기준」 개정내용.hwp","(붙임1)2020년6월「한국은행 강원본부 중소기업 지원자금 운용기준」 개정내용.pdf","27648","0e73a61b1c391c1d84a6384c08ad82e9aefb2e462852eb672bc4044f4f399e05"
"same_title_different_format","한국은행","C:\Users\sosoj\Documents\PNU-ChatBot\src\data\한국은행\(붙임1)_「한국은행_경기본부_중소기업_지원자금_운용기준」_주요_개정_내용.hwp","C:\Users\sosoj\Documents\PNU-ChatBot\src\data\한국은행\(붙임1)_「한국은행_경기본부_중소기업_지원자금_운용기준」_주요_개정_내용.pdf","(붙임1)_「한국은행_경기본부_중소기업_지원자금_운용기준」_주요_개정_내용.hwp","(붙임1)_「한국은행_경기본부_중소기업_지원자금_운용기준」_주요_개정_내용.pdf","55296","3b61ae0a6938a0f0ae43ddf6400baaeed308a63bcbf014ec9764f9a7caf6af33"
"same_title_different_format","한국은행","C:\Users\sosoj\Documents\PNU-ChatBot\src\data\한국은행\(붙임1)「한국은행 목포본부 중소기업 지원자금 운용기준」 개정(안).hwp","C:\Users\sosoj\Documents\PNU-ChatBot\src\data\한국은행\(붙임1)「한국은행 목포본부 중소기업 지원자금 운용기준」 개정(안).pdf","(붙임1)「한국은행 목포본부 중소기업 지원자금 운용기준」 개정(안).hwp","(붙임1)「한국은행 목포본부 중소기업 지원자금 운용기준」 개정(안).pdf","50688","4adb8f1ad11322bd7845c24afcef54eb08ab3d85c8d19f832937fd6c8dc2c9d1"
"same_title_different_format","한국은행","C:\Users\sosoj\Documents\PNU-ChatBot\src\data\한국은행\(붙임1)「한국은행 목포본부 중소기업 지원자금 운용기준」 개정.hwp","C:\Users\sosoj\Documents\PNU-ChatBot\src\data\한국은행\(붙임1)「한국은행 목포본부 중소기업 지원자금 운용기준」 개정.pdf","(붙임1)「한국은행 목포본부 중소기업 지원자금 운용기준」 개정.hwp","(붙임1)「한국은행 목포본부 중소기업 지원자금 운용기준」 개정.pdf","82432","ba5cada033f6e35f408b8f356b5da4de55b9c145b8d1b6d8b98c421c372aa06d"
"same_title_different_format","한국은행","C:\Users\sosoj\Documents\PNU-ChatBot\src\data\한국은행\(붙임1)강원본부 중소기업 지원자금 운용기준 주요 개정내용(게시).hwp","C:\Users\sosoj\Documents\PNU-ChatBot\src\data\한국은행\(붙임1)강원본부 중소기업 지원자금 운용기준 주요 개정내용(게시).pdf","(붙임1)강원본부 중소기업 지원자금 운용기준 주요 개정내용(게시).hwp","(붙임1)강원본부 중소기업 지원자금 운용기준 주요 개정내용(게시).pdf","38400","b8aac95140a55caacac4d40b9aec2bbb57741acc4eb1f45fc57ab6803f3bb12c"
"same_title_different_format","한국은행","C:\Users\sosoj\Documents\PNU-ChatBot\src\data\한국은행\(붙임1)강원본부 중소기업 지원자금 운용기준 주요 개정내용.hwp","C:\Users\sosoj\Documents\PNU-ChatBot\src\data\한국은행\(붙임1)강원본부 중소기업 지원자금 운용기준 주요 개정내용.pdf","(붙임1)강원본부 중소기업 지원자금 운용기준 주요 개정내용.hwp","(붙임1)강원본부 중소기업 지원자금 운용기준 주요 개정내용.pdf","52224","399040eb077f2c65902b6ca33728a46c1a57ba1b8f234761cd58232aea883cf5"
"same_title_different_format","한국은행","C:\Users\sosoj\Documents\PNU-ChatBot\src\data\한국은행\(붙임1)광주전남지역 경제동향(2026.5호).hwp","C:\Users\sosoj\Documents\PNU-ChatBot\src\data\한국은행\(붙임1)광주전남지역 경제동향(2026.5호).pdf","(붙임1)광주전남지역 경제동향(2026.5호).hwp","(붙임1)광주전남지역 경제동향(2026.5호).pdf","1330688","0cdc97700678ac8d6ef5f1987aa7d47482be26898a4e0263c5142425c125c3e1"
"same_title_different_format","한국은행","C:\Users\sosoj\Documents\PNU-ChatBot\src\data\한국은행\(붙임1)광주전남지역 경제동향(2026.6호).hwp","C:\Users\sosoj\Documents\PNU-ChatBot\src\data\한국은행\(붙임1)광주전남지역 경제동향(2026.6호).pdf","(붙임1)광주전남지역 경제동향(2026.6호).hwp","(붙임1)광주전남지역 경제동향(2026.6호).pdf","1324032","4f340eca00bba7321ee9a14b9dabe17ba2dfe52cd8013359b3f78b0336dca7ce"
"same_title_different_format","한국은행","C:\Users\sosoj\Documents\PNU-ChatBot\src\data\한국은행\(붙임1)신구조문대비표.hwp","C:\Users\sosoj\Documents\PNU-ChatBot\src\data\한국은행\(붙임1)신구조문대비표.pdf","(붙임1)신구조문대비표.hwp","(붙임1)신구조문대비표.pdf","73216","31a567040b866ece05c3342a78e6c18aa1e37a48226b4d327cfb6faf0a503765"
"same_title_different_format","한국은행","C:\Users\sosoj\Documents\PNU-ChatBot\src\data\한국은행\(붙임1)운용기준 개정 내용(배포용).hwp","C:\Users\sosoj\Documents\PNU-ChatBot\src\data\한국은행\(붙임1)운용기준 개정 내용(배포용).pdf","(붙임1)운용기준 개정 내용(배포용).hwp","(붙임1)운용기준 개정 내용(배포용).pdf","32768","388a09451f111926d1391d035260245a0c135a0fccbccc1eabeff3376a1cbe50"
"same_title_different_format","한국은행","C:\Users\sosoj\Documents\PNU-ChatBot\src\data\한국은행\(붙임1)주요 개정내용.hwp","C:\Users\sosoj\Documents\PNU-ChatBot\src\data\한국은행\(붙임1)주요 개정내용.pdf","(붙임1)주요 개정내용.hwp","(붙임1)주요 개정내용.pdf","78848","9ab739b9e6daea6a4894e7758b1571e1b1407a701940de35f44517a1551c15d1"
"same_title_different_format","한국은행","C:\Users\sosoj\Documents\PNU-ChatBot\src\data\한국은행\(붙임1)한국은행 강릉본부 중소기업 지원자금 운용기준 개정(안).hwp","C:\Users\sosoj\Documents\PNU-ChatBot\src\data\한국은행\(붙임1)한국은행 강릉본부 중소기업 지원자금 운용기준 개정(안).pdf","(붙임1)한국은행 강릉본부 중소기업 지원자금 운용기준 개정(안).hwp","(붙임1)한국은행 강릉본부 중소기업 지원자금 운용기준 개정(안).pdf","46592","6b1a782d308e71abb806ab91e6a5ceddf688108640ad722465fe361f49abb461"
"same_title_different_format","한국은행","C:\Users\sosoj\Documents\PNU-ChatBot\src\data\한국은행\(붙임1)한국은행 강릉본부 중소기업 지원자금 운용기준 주요 개정내용.hwp","C:\Users\sosoj\Documents\PNU-ChatBot\src\data\한국은행\(붙임1)한국은행 강릉본부 중소기업 지원자금 운용기준 주요 개정내용.pdf","(붙임1)한국은행 강릉본부 중소기업 지원자금 운용기준 주요 개정내용.hwp","(붙임1)한국은행 강릉본부 중소기업 지원자금 운용기준 주요 개정내용.pdf","15872","99566c169ef5fedc06e13363d30531df2ab40b16f99b15ee8682fadf1718b4d7"
"same_title_different_format","한국은행","C:\Users\sosoj\Documents\PNU-ChatBot\src\data\한국은행\(붙임1)한국은행 강릉본부 지방중소기업지원 프로그램 운용기준 개정(안)_F.hwp","C:\Users\sosoj\Documents\PNU-ChatBot\src\data\한국은행\(붙임1)한국은행 강릉본부 지방중소기업지원 프로그램 운용기준 개정(안)_F.pdf","(붙임1)한국은행 강릉본부 지방중소기업지원 프로그램 운용기준 개정(안)_F.hwp","(붙임1)한국은행 강릉본부 지방중소기업지원 프로그램 운용기준 개정(안)_F.pdf","51712","2e7372a44e95fcd955b689801c3005b72ddf28bddc3506eea335fdf45fc49cae"
"same_title_different_format","한국은행","C:\Users\sosoj\Documents\PNU-ChatBot\src\data\한국은행\(붙임1)한국은행 경기본부 중소기업 지원자금 운용기준 주요 개정 내용.hwp","C:\Users\sosoj\Documents\PNU-ChatBot\src\data\한국은행\(붙임1)한국은행 경기본부 중소기업 지원자금 운용기준 주요 개정 내용.pdf","(붙임1)한국은행 경기본부 중소기업 지원자금 운용기준 주요 개정 내용.hwp","(붙임1)한국은행 경기본부 중소기업 지원자금 운용기준 주요 개정 내용.pdf","58880","88edeeea676cf552b1818f1dd1d5fe7f7c147938755de936ca044c2995e875c5"
"same_title_different_format","한국은행","C:\Users\sosoj\Documents\PNU-ChatBot\src\data\한국은행\(붙임1)한국은행 대구경북본부 중소기업 지원자금 운용기준 신구조문대비표.hwp","C:\Users\sosoj\Documents\PNU-ChatBot\src\data\한국은행\(붙임1)한국은행 대구경북본부 중소기업 지원자금 운용기준 신구조문대비표.pdf","(붙임1)한국은행 대구경북본부 중소기업 지원자금 운용기준 신구조문대비표.hwp","(붙임1)한국은행 대구경북본부 중소기업 지원자금 운용기준 신구조문대비표.pdf","122368","afc3c7dbcf24428790e7fa426102d0ce14808e032c1f6969660672d63354d9a3"
"same_title_different_format","한국은행","C:\Users\sosoj\Documents\PNU-ChatBot\src\data\한국은행\(붙임2) 「한국은행 경기본부 중소기업 지원자금 운용기준」 신구조문대비표.hwp","C:\Users\sosoj\Documents\PNU-ChatBot\src\data\한국은행\(붙임2) 「한국은행 경기본부 중소기업 지원자금 운용기준」 신구조문대비표.pdf","(붙임2) 「한국은행 경기본부 중소기업 지원자금 운용기준」 신구조문대비표.hwp","(붙임2) 「한국은행 경기본부 중소기업 지원자금 운용기준」 신구조문대비표.pdf","88064","bb4da77e188854cf26f97b8c6e1a1ea1e741a31d908f2bf47efbe894da5f00ba"
"same_title_different_format","한국은행","C:\Users\sosoj\Documents\PNU-ChatBot\src\data\한국은행\(붙임2) 「한국은행 경남본부 중소기업 지원자금 운용기준」 개정안 신구조문대비표(2022.1).hwp","C:\Users\sosoj\Documents\PNU-ChatBot\src\data\한국은행\(붙임2) 「한국은행 경남본부 중소기업 지원자금 운용기준」 개정안 신구조문대비표(2022.1).pdf","(붙임2) 「한국은행 경남본부 중소기업 지원자금 운용기준」 개정안 신구조문대비표(2022.1).hwp","(붙임2) 「한국은행 경남본부 중소기업 지원자금 운용기준」 개정안 신구조문대비표(2022.1).pdf","53760","9c39a10bc28088c91fc929c1330ad9098a46edebfb595333608988acad573677"
"same_title_different_format","한국은행","C:\Users\sosoj\Documents\PNU-ChatBot\src\data\한국은행\(붙임2) 「한국은행 경남본부 중소기업 지원자금 운용기준」 개정안 신구조문대비표(2023.3).hwp","C:\Users\sosoj\Documents\PNU-ChatBot\src\data\한국은행\(붙임2) 「한국은행 경남본부 중소기업 지원자금 운용기준」 개정안 신구조문대비표(2023.3).pdf","(붙임2) 「한국은행 경남본부 중소기업 지원자금 운용기준」 개정안 신구조문대비표(2023.3).hwp","(붙임2) 「한국은행 경남본부 중소기업 지원자금 운용기준」 개정안 신구조문대비표(2023.3).pdf","68096","dd8513cd56ff09b639c989fdea2daf64ecc055df376b8d2630eca74efad57df0"
"same_title_different_format","한국은행","C:\Users\sosoj\Documents\PNU-ChatBot\src\data\한국은행\(붙임2) 「한국은행 경남본부 중소기업 지원자금 운용기준」 개정안 신구조문대비표.hwp","C:\Users\sosoj\Documents\PNU-ChatBot\src\data\한국은행\(붙임2) 「한국은행 경남본부 중소기업 지원자금 운용기준」 개정안 신구조문대비표.pdf","(붙임2) 「한국은행 경남본부 중소기업 지원자금 운용기준」 개정안 신구조문대비표.hwp","(붙임2) 「한국은행 경남본부 중소기업 지원자금 운용기준」 개정안 신구조문대비표.pdf","67072","803b7714c66acab6b29ad293fcea70e98b9f65b131c119ef1af212ea49612577"
"same_title_different_format","한국은행","C:\Users\sosoj\Documents\PNU-ChatBot\src\data\한국은행\(붙임2) 「한국은행 경남본부 중소기업 지원자금 운용기준」 신구조문대비표(2022.10)_f.hwp","C:\Users\sosoj\Documents\PNU-ChatBot\src\data\한국은행\(붙임2) 「한국은행 경남본부 중소기업 지원자금 운용기준」 신구조문대비표(2022.10)_f.pdf","(붙임2) 「한국은행 경남본부 중소기업 지원자금 운용기준」 신구조문대비표(2022.10)_f.hwp","(붙임2) 「한국은행 경남본부 중소기업 지원자금 운용기준」 신구조문대비표(2022.10)_f.pdf","53248","0f0557a651241d9c8086de8e5ff5213c499468293fc8a3bf60dc0737b2864471"
"same_title_different_format","한국은행","C:\Users\sosoj\Documents\PNU-ChatBot\src\data\한국은행\(붙임2) 「한국은행 경남본부 지방중소기업지원 프로그램 운용기준」 개정 신구조문대비표.hwp","C:\Users\sosoj\Documents\PNU-ChatBot\src\data\한국은행\(붙임2) 「한국은행 경남본부 지방중소기업지원 프로그램 운용기준」 개정 신구조문대비표.pdf","(붙임2) 「한국은행 경남본부 지방중소기업지원 프로그램 운용기준」 개정 신구조문대비표.hwp","(붙임2) 「한국은행 경남본부 지방중소기업지원 프로그램 운용기준」 개정 신구조문대비표.pdf","82432","54c3a9873d339ebd9377b5272f55845b786f3d2732d51bd7c0ea2d9a81e1b173"
"same_title_different_format","한국은행","C:\Users\sosoj\Documents\PNU-ChatBot\src\data\한국은행\(붙임2) 「한국은행 경남본부 지방중소기업지원 프로그램 운용기준」 개정안 신구조문대비표.hwp","C:\Users\sosoj\Documents\PNU-ChatBot\src\data\한국은행\(붙임2) 「한국은행 경남본부 지방중소기업지원 프로그램 운용기준」 개정안 신구조문대비표.pdf","(붙임2) 「한국은행 경남본부 지방중소기업지원 프로그램 운용기준」 개정안 신구조문대비표.hwp","(붙임2) 「한국은행 경남본부 지방중소기업지원 프로그램 운용기준」 개정안 신구조문대비표.pdf","91136","3037ee18a0b5839b66366660306a1c3ca0d13f3992c10579115461fbc33a3616"
"same_title_different_format","한국은행","C:\Users\sosoj\Documents\PNU-ChatBot\src\data\한국은행\(붙임2) 「한국은행 경남본부 지방중소기업지원 프로그램 운용기준」 신구조문대비표.hwp","C:\Users\sosoj\Documents\PNU-ChatBot\src\data\한국은행\(붙임2) 「한국은행 경남본부 지방중소기업지원 프로그램 운용기준」 신구조문대비표.pdf","(붙임2) 「한국은행 경남본부 지방중소기업지원 프로그램 운용기준」 신구조문대비표.hwp","(붙임2) 「한국은행 경남본부 지방중소기업지원 프로그램 운용기준」 신구조문대비표.pdf","81920","3b9d4e2595f8b162a59a494b1397887f91a84ec511b2eb207ae297001aa79987"
"same_title_different_format","한국은행","C:\Users\sosoj\Documents\PNU-ChatBot\src\data\한국은행\(붙임2) 「한국은행 경남본부 지방중소기업지원 프로그램 운용기준」 전문.hwp","C:\Users\sosoj\Documents\PNU-ChatBot\src\data\한국은행\(붙임2) 「한국은행 경남본부 지방중소기업지원 프로그램 운용기준」 전문.pdf","(붙임2) 「한국은행 경남본부 지방중소기업지원 프로그램 운용기준」 전문.hwp","(붙임2) 「한국은행 경남본부 지방중소기업지원 프로그램 운용기준」 전문.pdf","83456","5c0000bd3b06af9ea9fcdef5141b8f003d7734ff014f58be00a593f63f5133c9"
"same_title_different_format","한국은행","C:\Users\sosoj\Documents\PNU-ChatBot\src\data\한국은행\(붙임2) 「한국은행 대구경북본부 중소기업 지원자금 운용기준」 개정 신구조문 대비표.hwp","C:\Users\sosoj\Documents\PNU-ChatBot\src\data\한국은행\(붙임2) 「한국은행 대구경북본부 중소기업 지원자금 운용기준」 개정 신구조문 대비표.pdf","(붙임2) 「한국은행 대구경북본부 중소기업 지원자금 운용기준」 개정 신구조문 대비표.hwp","(붙임2) 「한국은행 대구경북본부 중소기업 지원자금 운용기준」 개정 신구조문 대비표.pdf","177664","3218f03e85d7f196d12fee4dca1ba38153d40067caadbbba9acab30b6e2bee0b"
"same_title_different_format","한국은행","C:\Users\sosoj\Documents\PNU-ChatBot\src\data\한국은행\(붙임2) 「한국은행 대구경북본부 중소기업 지원자금 운용기준」 개정 신구조문 대비표_F.hwp","C:\Users\sosoj\Documents\PNU-ChatBot\src\data\한국은행\(붙임2) 「한국은행 대구경북본부 중소기업 지원자금 운용기준」 개정 신구조문 대비표_F.pdf","(붙임2) 「한국은행 대구경북본부 중소기업 지원자금 운용기준」 개정 신구조문 대비표_F.hwp","(붙임2) 「한국은행 대구경북본부 중소기업 지원자금 운용기준」 개정 신구조문 대비표_F.pdf","67584","48003a0a7759e96114d38bd4aae924af75ff87147295a0e506de6a1826ea2159"
"same_title_different_format","한국은행","C:\Users\sosoj\Documents\PNU-ChatBot\src\data\한국은행\(붙임2) 「한국은행 대전세종충남본부 중소기업 지원자금 운용기준」 전문(230330)_게시f.hwp","C:\Users\sosoj\Documents\PNU-ChatBot\src\data\한국은행\(붙임2) 「한국은행 대전세종충남본부 중소기업 지원자금 운용기준」 전문(230330)_게시f.pdf","(붙임2) 「한국은행 대전세종충남본부 중소기업 지원자금 운용기준」 전문(230330)_게시f.hwp","(붙임2) 「한국은행 대전세종충남본부 중소기업 지원자금 운용기준」 전문(230330)_게시f.pdf","107520","13e636d0ceed2767a8c40ed39328256f965fcad80ac65670af06927b1716b22c"
"same_title_different_format","한국은행","C:\Users\sosoj\Documents\PNU-ChatBot\src\data\한국은행\(붙임2) 「한국은행 대전세종충남본부 중소기업 지원자금 운용기준」 전문(2305)_f.hwp","C:\Users\sosoj\Documents\PNU-ChatBot\src\data\한국은행\(붙임2) 「한국은행 대전세종충남본부 중소기업 지원자금 운용기준」 전문(2305)_f.pdf","(붙임2) 「한국은행 대전세종충남본부 중소기업 지원자금 운용기준」 전문(2305)_f.hwp","(붙임2) 「한국은행 대전세종충남본부 중소기업 지원자금 운용기준」 전문(2305)_f.pdf","109568","6a52eaf3ce1b701be80a35d24269fa37d2e66d944c97e8e64e9e489364b5025c"
"same_title_different_format","한국은행","C:\Users\sosoj\Documents\PNU-ChatBot\src\data\한국은행\(붙임2) 「한국은행 대전세종충남본부 중소기업 지원자금 운용기준」 전문(2308)_게시.hwp","C:\Users\sosoj\Documents\PNU-ChatBot\src\data\한국은행\(붙임2) 「한국은행 대전세종충남본부 중소기업 지원자금 운용기준」 전문(2308)_게시.pdf","(붙임2) 「한국은행 대전세종충남본부 중소기업 지원자금 운용기준」 전문(2308)_게시.hwp","(붙임2) 「한국은행 대전세종충남본부 중소기업 지원자금 운용기준」 전문(2308)_게시.pdf","108032","c29c24133b0df60d995c7c54e40556f9c5947a95e0f0292fb09513796b15ab59"
"same_title_different_format","한국은행","C:\Users\sosoj\Documents\PNU-ChatBot\src\data\한국은행\(붙임2) 「한국은행 대전세종충남본부 중소기업 지원자금 운용기준」 전문(231205)_게시.hwp","C:\Users\sosoj\Documents\PNU-ChatBot\src\data\한국은행\(붙임2) 「한국은행 대전세종충남본부 중소기업 지원자금 운용기준」 전문(231205)_게시.pdf","(붙임2) 「한국은행 대전세종충남본부 중소기업 지원자금 운용기준」 전문(231205)_게시.hwp","(붙임2) 「한국은행 대전세종충남본부 중소기업 지원자금 운용기준」 전문(231205)_게시.pdf","106496","c99b41352cd5b090f68341edf1cc55b7824ea131f06ae4d6077e17b6d8365fb2"
"same_title_different_format","한국은행","C:\Users\sosoj\Documents\PNU-ChatBot\src\data\한국은행\(붙임2) 「한국은행 대전세종충남본부 지방중소기업지원 프로그램 운용기준」 신구조문 대비표(2408)_f.hwp","C:\Users\sosoj\Documents\PNU-ChatBot\src\data\한국은행\(붙임2) 「한국은행 대전세종충남본부 지방중소기업지원 프로그램 운용기준」 신구조문 대비표(2408)_f.pdf","(붙임2) 「한국은행 대전세종충남본부 지방중소기업지원 프로그램 운용기준」 신구조문 대비표(2408)_f.hwp","(붙임2) 「한국은행 대전세종충남본부 지방중소기업지원 프로그램 운용기준」 신구조문 대비표(2408)_f.pdf","100352","87fb9a7107d915ae07452a6d8720c7d15859a3f937e5549085ad3554d4606770"
"same_title_different_format","한국은행","C:\Users\sosoj\Documents\PNU-ChatBot\src\data\한국은행\(붙임2) 「한국은행 대전세종충남본부 지방중소기업지원 프로그램 운용기준」 신구조문 대비표(2506)_f.hwp","C:\Users\sosoj\Documents\PNU-ChatBot\src\data\한국은행\(붙임2) 「한국은행 대전세종충남본부 지방중소기업지원 프로그램 운용기준」 신구조문 대비표(2506)_f.pdf","(붙임2) 「한국은행 대전세종충남본부 지방중소기업지원 프로그램 운용기준」 신구조문 대비표(2506)_f.hwp","(붙임2) 「한국은행 대전세종충남본부 지방중소기업지원 프로그램 운용기준」 신구조문 대비표(2506)_f.pdf","73216","19dfd9daf1deed98900f87650041decb9b5aa130b6fb9d1ff7a5eb044e5faa88"
"same_title_different_format","한국은행","C:\Users\sosoj\Documents\PNU-ChatBot\src\data\한국은행\(붙임2) 「한국은행 대전세종충남본부 지방중소기업지원 프로그램 운용기준」 신구조문 대비표(2508)_f.hwp","C:\Users\sosoj\Documents\PNU-ChatBot\src\data\한국은행\(붙임2) 「한국은행 대전세종충남본부 지방중소기업지원 프로그램 운용기준」 신구조문 대비표(2508)_f.pdf","(붙임2) 「한국은행 대전세종충남본부 지방중소기업지원 프로그램 운용기준」 신구조문 대비표(2508)_f.hwp","(붙임2) 「한국은행 대전세종충남본부 지방중소기업지원 프로그램 운용기준」 신구조문 대비표(2508)_f.pdf","37376","3f993dbb497d564f3c670cb8a52f52fd02da7bd88fa827860315dfea29184a5f"
"same_title_different_format","한국은행","C:\Users\sosoj\Documents\PNU-ChatBot\src\data\한국은행\(붙임2) 「한국은행 인천본부 중소기업 지원자금 운용기준」 신구조문대비표.hwp","C:\Users\sosoj\Documents\PNU-ChatBot\src\data\한국은행\(붙임2) 「한국은행 인천본부 중소기업 지원자금 운용기준」 신구조문대비표.pdf","(붙임2) 「한국은행 인천본부 중소기업 지원자금 운용기준」 신구조문대비표.hwp","(붙임2) 「한국은행 인천본부 중소기업 지원자금 운용기준」 신구조문대비표.pdf","105984","2abc51db1f7a0c3715cc4b6977b1fda5561045f5a33491461ba853281271e10f"
"same_title_different_format","한국은행","C:\Users\sosoj\Documents\PNU-ChatBot\src\data\한국은행\(붙임2) 「한국은행 전북본부 지방중소기업지원 프로그램 운용기준」 신구조문대비표.hwp","C:\Users\sosoj\Documents\PNU-ChatBot\src\data\한국은행\(붙임2) 「한국은행 전북본부 지방중소기업지원 프로그램 운용기준」 신구조문대비표.pdf","(붙임2) 「한국은행 전북본부 지방중소기업지원 프로그램 운용기준」 신구조문대비표.hwp","(붙임2) 「한국은행 전북본부 지방중소기업지원 프로그램 운용기준」 신구조문대비표.pdf","88576","546e0281933175f7a07f5723db60f83586bf234d2bbf25d2797535c3a898631d"
"same_title_different_format","한국은행","C:\Users\sosoj\Documents\PNU-ChatBot\src\data\한국은행\(붙임2) 대구경북본부 중소기업 지원자금 운용기준 전문_23.3월.hwp","C:\Users\sosoj\Documents\PNU-ChatBot\src\data\한국은행\(붙임2) 대구경북본부 중소기업 지원자금 운용기준 전문_23.3월.pdf","(붙임2) 대구경북본부 중소기업 지원자금 운용기준 전문_23.3월.hwp","(붙임2) 대구경북본부 중소기업 지원자금 운용기준 전문_23.3월.pdf","96256","b9c443e445b3df7ca45a3fe0ce8faf48845b9671ad52fca88f3812b234a884ff"
"same_title_different_format","한국은행","C:\Users\sosoj\Documents\PNU-ChatBot\src\data\한국은행\(붙임2) 신구조문 대비표.hwp","C:\Users\sosoj\Documents\PNU-ChatBot\src\data\한국은행\(붙임2) 신구조문 대비표.pdf","(붙임2) 신구조문 대비표.hwp","(붙임2) 신구조문 대비표.pdf","98304","33dd0cf60ef016cf24ddcabcc954b7a8548175c9fbe8273898a89efce74d509e"
"same_title_different_format","한국은행","C:\Users\sosoj\Documents\PNU-ChatBot\src\data\한국은행\(붙임2) 지원서 양식.hwp","C:\Users\sosoj\Documents\PNU-ChatBot\src\data\한국은행\(붙임2) 지원서 양식.pdf","(붙임2) 지원서 양식.hwp","(붙임2) 지원서 양식.pdf","43520","e04d35a20765e5ba2a7d90bc6f58ea2a48d43ae22ab9e1d3b84503fc5b3a8d93"
"same_title_different_format","한국은행","C:\Users\sosoj\Documents\PNU-ChatBot\src\data\한국은행\(붙임2) 최근 울산지역 실물경제 동향_2604_F.hwp","C:\Users\sosoj\Documents\PNU-ChatBot\src\data\한국은행\(붙임2) 최근 울산지역 실물경제 동향_2604_F.pdf","(붙임2) 최근 울산지역 실물경제 동향_2604_F.hwp","(붙임2) 최근 울산지역 실물경제 동향_2604_F.pdf","339456","68f4bafbc4bc1644c95f024dfcd62c36fbeb06963f4fdacab9629b6b77eefd31"
"same_title_different_format","한국은행","C:\Users\sosoj\Documents\PNU-ChatBot\src\data\한국은행\(붙임2) 최근 울산지역 실물경제 동향_2605_ff.hwp","C:\Users\sosoj\Documents\PNU-ChatBot\src\data\한국은행\(붙임2) 최근 울산지역 실물경제 동향_2605_ff.pdf","(붙임2) 최근 울산지역 실물경제 동향_2605_ff.hwp","(붙임2) 최근 울산지역 실물경제 동향_2605_ff.pdf","374272","35812f99a7ac271868c39e124f225ec973da56515393422a36dbc5a51a2e29bb"
"same_title_different_format","한국은행","C:\Users\sosoj\Documents\PNU-ChatBot\src\data\한국은행\(붙임2) 한국은행 강릉본부 중소기업 지원자금 운용기준 개정 신구조문 대비표.hwp","C:\Users\sosoj\Documents\PNU-ChatBot\src\data\한국은행\(붙임2) 한국은행 강릉본부 중소기업 지원자금 운용기준 개정 신구조문 대비표.pdf","(붙임2) 한국은행 강릉본부 중소기업 지원자금 운용기준 개정 신구조문 대비표.hwp","(붙임2) 한국은행 강릉본부 중소기업 지원자금 운용기준 개정 신구조문 대비표.pdf","89088","87a235ea69af3a865d152985288e882d3ca4f317f455988170db140fc7e11e7b"
"same_title_different_format","한국은행","C:\Users\sosoj\Documents\PNU-ChatBot\src\data\한국은행\(붙임2) 한국은행 강릉본부 중소기업 지원자금 운용기준 개정 신구조문 대비표_f.hwp","C:\Users\sosoj\Documents\PNU-ChatBot\src\data\한국은행\(붙임2) 한국은행 강릉본부 중소기업 지원자금 운용기준 개정 신구조문 대비표_f.pdf","(붙임2) 한국은행 강릉본부 중소기업 지원자금 운용기준 개정 신구조문 대비표_f.hwp","(붙임2) 한국은행 강릉본부 중소기업 지원자금 운용기준 개정 신구조문 대비표_f.pdf","97280","e7565858cd52f1684f501cbe863ecbc8845e790f11459cab3595bf8b86841b13"
"same_title_different_format","한국은행","C:\Users\sosoj\Documents\PNU-ChatBot\src\data\한국은행\(붙임2) 한국은행 강릉본부 지방중소기업지원 프로그램 운용기준 전문_f.hwp","C:\Users\sosoj\Documents\PNU-ChatBot\src\data\한국은행\(붙임2) 한국은행 강릉본부 지방중소기업지원 프로그램 운용기준 전문_f.pdf","(붙임2) 한국은행 강릉본부 지방중소기업지원 프로그램 운용기준 전문_f.hwp","(붙임2) 한국은행 강릉본부 지방중소기업지원 프로그램 운용기준 전문_f.pdf","147968","f5d1ce8271f2ef2303269ed0a066b39705e7cf1912757bf3a24cbd0e405ae9e6"
"same_title_different_format","한국은행","C:\Users\sosoj\Documents\PNU-ChatBot\src\data\한국은행\(붙임2) 한국은행 광주전남본부 지방중소기업지원 프로그램 운용기준 전문.hwp","C:\Users\sosoj\Documents\PNU-ChatBot\src\data\한국은행\(붙임2) 한국은행 광주전남본부 지방중소기업지원 프로그램 운용기준 전문.pdf","(붙임2) 한국은행 광주전남본부 지방중소기업지원 프로그램 운용기준 전문.hwp","(붙임2) 한국은행 광주전남본부 지방중소기업지원 프로그램 운용기준 전문.pdf","79872","9bda8b3de747177b8a3423b29da697badf8a100ed84816d451d3a42a8d266f9c"
"same_title_different_format","한국은행","C:\Users\sosoj\Documents\PNU-ChatBot\src\data\한국은행\(붙임2) 한국은행 목포본부 지방중소기업지원 프로그램 운용기준 개정 신구조문대비표.hwp","C:\Users\sosoj\Documents\PNU-ChatBot\src\data\한국은행\(붙임2) 한국은행 목포본부 지방중소기업지원 프로그램 운용기준 개정 신구조문대비표.pdf","(붙임2) 한국은행 목포본부 지방중소기업지원 프로그램 운용기준 개정 신구조문대비표.hwp","(붙임2) 한국은행 목포본부 지방중소기업지원 프로그램 운용기준 개정 신구조문대비표.pdf","35840","243ea79db7d24ae2729e57256af83817ebbf64bd2a1e8c38eb757240417b5e94"
"same_title_different_format","한국은행","C:\Users\sosoj\Documents\PNU-ChatBot\src\data\한국은행\(붙임2) 한국은행 목포본부 지방중소기업지원 프로그램 운용기준 전문.hwp","C:\Users\sosoj\Documents\PNU-ChatBot\src\data\한국은행\(붙임2) 한국은행 목포본부 지방중소기업지원 프로그램 운용기준 전문.pdf","(붙임2) 한국은행 목포본부 지방중소기업지원 프로그램 운용기준 전문.hwp","(붙임2) 한국은행 목포본부 지방중소기업지원 프로그램 운용기준 전문.pdf","71168","2be73e4dab0c612d67811022e7a65884b786a6702d43e0c517e43bf2a38b9a70"
"same_title_different_format","한국은행","C:\Users\sosoj\Documents\PNU-ChatBot\src\data\한국은행\(붙임2)2020년6월 신구조문대비표_강원본부.hwp","C:\Users\sosoj\Documents\PNU-ChatBot\src\data\한국은행\(붙임2)2020년6월 신구조문대비표_강원본부.pdf","(붙임2)2020년6월 신구조문대비표_강원본부.hwp","(붙임2)2020년6월 신구조문대비표_강원본부.pdf","95744","20fc57373f773af0223ce483e45b5aec77d9618d3d6bee94edb624f9f3305324"
"same_title_different_format","한국은행","C:\Users\sosoj\Documents\PNU-ChatBot\src\data\한국은행\(붙임2)_「한국은행_경기본부_중소기업_지원자금_운용기준」_신구조문대비표.hwp","C:\Users\sosoj\Documents\PNU-ChatBot\src\data\한국은행\(붙임2)_「한국은행_경기본부_중소기업_지원자금_운용기준」_신구조문대비표.pdf","(붙임2)_「한국은행_경기본부_중소기업_지원자금_운용기준」_신구조문대비표.hwp","(붙임2)_「한국은행_경기본부_중소기업_지원자금_운용기준」_신구조문대비표.pdf","147968","29b57eba9fedf49271bf46fe27d793f37c191b35f9159414b57bb8349722251e"
"same_title_different_format","한국은행","C:\Users\sosoj\Documents\PNU-ChatBot\src\data\한국은행\(붙임2)「한국은행 목포본부 중소기업 지원자금 운용기준」 신구조문 대비표.hwp","C:\Users\sosoj\Documents\PNU-ChatBot\src\data\한국은행\(붙임2)「한국은행 목포본부 중소기업 지원자금 운용기준」 신구조문 대비표.pdf","(붙임2)「한국은행 목포본부 중소기업 지원자금 운용기준」 신구조문 대비표.hwp","(붙임2)「한국은행 목포본부 중소기업 지원자금 운용기준」 신구조문 대비표.pdf","147456","28f4f43896c7acb90eb6c78988605c5c9f17cf84dd6489f537665c129f0c4942"
"same_title_different_format","한국은행","C:\Users\sosoj\Documents\PNU-ChatBot\src\data\한국은행\(붙임2)강원본부 중소기업 지원자금 신구조문대비표.hwp","C:\Users\sosoj\Documents\PNU-ChatBot\src\data\한국은행\(붙임2)강원본부 중소기업 지원자금 신구조문대비표.pdf","(붙임2)강원본부 중소기업 지원자금 신구조문대비표.hwp","(붙임2)강원본부 중소기업 지원자금 신구조문대비표.pdf","72192","12c31f68923151e5ca20b5129871dab35bf83bc8032785075af9369ce8eaf529"
"same_title_different_format","한국은행","C:\Users\sosoj\Documents\PNU-ChatBot\src\data\한국은행\(붙임2)대구경북본부 중소기업 지원자금 운용기준 전문_23.12월.hwp","C:\Users\sosoj\Documents\PNU-ChatBot\src\data\한국은행\(붙임2)대구경북본부 중소기업 지원자금 운용기준 전문_23.12월.pdf","(붙임2)대구경북본부 중소기업 지원자금 운용기준 전문_23.12월.hwp","(붙임2)대구경북본부 중소기업 지원자금 운용기준 전문_23.12월.pdf","192000","60b14a69401cb961c33cf6ada4510d02e222b96a0a1c134443557b5f1304c90d"
"same_title_different_format","한국은행","C:\Users\sosoj\Documents\PNU-ChatBot\src\data\한국은행\(붙임2)대구경북본부 중소기업 지원자금 운용기준 전문_23.8월.hwp","C:\Users\sosoj\Documents\PNU-ChatBot\src\data\한국은행\(붙임2)대구경북본부 중소기업 지원자금 운용기준 전문_23.8월.pdf","(붙임2)대구경북본부 중소기업 지원자금 운용기준 전문_23.8월.hwp","(붙임2)대구경북본부 중소기업 지원자금 운용기준 전문_23.8월.pdf","96256","b44046e1653f3f56fbc7aca561ea97e8e29f2c3179173c1c7c31217b9372cf78"
"same_title_different_format","한국은행","C:\Users\sosoj\Documents\PNU-ChatBot\src\data\한국은행\(붙임2)신구조문대비표.hwp","C:\Users\sosoj\Documents\PNU-ChatBot\src\data\한국은행\(붙임2)신구조문대비표.pdf","(붙임2)신구조문대비표.hwp","(붙임2)신구조문대비표.pdf","110592","f1db01452c7cd74912a077da1b5dae6b767c77ae38f035bc8c04f27e875fd690"
"same_title_different_format","한국은행","C:\Users\sosoj\Documents\PNU-ChatBot\src\data\한국은행\(붙임2)운용기준 신구조문 대비표.hwp","C:\Users\sosoj\Documents\PNU-ChatBot\src\data\한국은행\(붙임2)운용기준 신구조문 대비표.pdf","(붙임2)운용기준 신구조문 대비표.hwp","(붙임2)운용기준 신구조문 대비표.pdf","49152","0470d3cf75cbb85dcafd3f591274bb02387aaedfaf8497b3e84ca7dc69b4fc0f"
"same_title_different_format","한국은행","C:\Users\sosoj\Documents\PNU-ChatBot\src\data\한국은행\(붙임2)한국은행 강릉본부 중소기업 지원자금 운용기준 개정 신구조문 대비표(안).hwp","C:\Users\sosoj\Documents\PNU-ChatBot\src\data\한국은행\(붙임2)한국은행 강릉본부 중소기업 지원자금 운용기준 개정 신구조문 대비표(안).pdf","(붙임2)한국은행 강릉본부 중소기업 지원자금 운용기준 개정 신구조문 대비표(안).hwp","(붙임2)한국은행 강릉본부 중소기업 지원자금 운용기준 개정 신구조문 대비표(안).pdf","114688","88f1bc43044cda4a73753df5e2965731e8935d2987441c83db0ae63e3be7e84b"
"same_title_different_format","한국은행","C:\Users\sosoj\Documents\PNU-ChatBot\src\data\한국은행\(붙임2)한국은행 강릉본부 중소기업 지원자금 운용기준 개정 신구조문 대비표.hwp","C:\Users\sosoj\Documents\PNU-ChatBot\src\data\한국은행\(붙임2)한국은행 강릉본부 중소기업 지원자금 운용기준 개정 신구조문 대비표.pdf","(붙임2)한국은행 강릉본부 중소기업 지원자금 운용기준 개정 신구조문 대비표.hwp","(붙임2)한국은행 강릉본부 중소기업 지원자금 운용기준 개정 신구조문 대비표.pdf","35840","4685aa79fca62bd75f11411d4083e598ffc4e66de23f6b8b786b2d9e7f8fd72f"
"same_title_different_format","한국은행","C:\Users\sosoj\Documents\PNU-ChatBot\src\data\한국은행\(붙임2)한국은행 강릉본부 지방중소기업지원 프로그램 운용기준 전문_f.hwp","C:\Users\sosoj\Documents\PNU-ChatBot\src\data\한국은행\(붙임2)한국은행 강릉본부 지방중소기업지원 프로그램 운용기준 전문_f.pdf","(붙임2)한국은행 강릉본부 지방중소기업지원 프로그램 운용기준 전문_f.hwp","(붙임2)한국은행 강릉본부 지방중소기업지원 프로그램 운용기준 전문_f.pdf","104960","06a6547d2eec62baab29b37861eceb8e655ab7b1fc599bfc56e9a8961d85c582"
"same_title_different_format","한국은행","C:\Users\sosoj\Documents\PNU-ChatBot\src\data\한국은행\(붙임2)한국은행 경기본부 중소기업 지원자금 운용기준 신구조문대비표.hwp","C:\Users\sosoj\Documents\PNU-ChatBot\src\data\한국은행\(붙임2)한국은행 경기본부 중소기업 지원자금 운용기준 신구조문대비표.pdf","(붙임2)한국은행 경기본부 중소기업 지원자금 운용기준 신구조문대비표.hwp","(붙임2)한국은행 경기본부 중소기업 지원자금 운용기준 신구조문대비표.pdf","79360","c65fdfce6ab1d7e0b177e835196d337e871096cced43a89967a4f59b0221c513"
"same_title_different_format","한국은행","C:\Users\sosoj\Documents\PNU-ChatBot\src\data\한국은행\(붙임2)한국은행 대구경북본부 중소기업 지원자금 운용기준 전문_24.12월.hwp","C:\Users\sosoj\Documents\PNU-ChatBot\src\data\한국은행\(붙임2)한국은행 대구경북본부 중소기업 지원자금 운용기준 전문_24.12월.pdf","(붙임2)한국은행 대구경북본부 중소기업 지원자금 운용기준 전문_24.12월.hwp","(붙임2)한국은행 대구경북본부 중소기업 지원자금 운용기준 전문_24.12월.pdf","83456","843d4e0e0b2d7e60482c0e5d91f225b629f86ce11b035efaf46d1ecdaa449edf"
"same_title_different_format","한국은행","C:\Users\sosoj\Documents\PNU-ChatBot\src\data\한국은행\(붙임2)한국은행 대구경북본부 중소기업 지원자금 운용기준 전문_24.3월.hwp","C:\Users\sosoj\Documents\PNU-ChatBot\src\data\한국은행\(붙임2)한국은행 대구경북본부 중소기업 지원자금 운용기준 전문_24.3월.pdf","(붙임2)한국은행 대구경북본부 중소기업 지원자금 운용기준 전문_24.3월.hwp","(붙임2)한국은행 대구경북본부 중소기업 지원자금 운용기준 전문_24.3월.pdf","83456","b3a7a7352b491c3858cb9f9b9c1590af5b6b97b26898cea3763e3e0d0951aa2d"
"same_title_different_format","한국은행","C:\Users\sosoj\Documents\PNU-ChatBot\src\data\한국은행\(붙임3) 2026.1분기중 울산지역 금융기관 여수신 동향_F.hwp","C:\Users\sosoj\Documents\PNU-ChatBot\src\data\한국은행\(붙임3) 2026.1분기중 울산지역 금융기관 여수신 동향_F.pdf","(붙임3) 2026.1분기중 울산지역 금융기관 여수신 동향_F.hwp","(붙임3) 2026.1분기중 울산지역 금융기관 여수신 동향_F.pdf","321536","fb9fd0edb388dd0e34145a644792014d106d7bbf4316582f6b2f2374cc29870e"
"same_title_different_format","한국은행","C:\Users\sosoj\Documents\PNU-ChatBot\src\data\한국은행\(붙임3) 「한국은행 경기본부 중소기업 지원자금 운용기준」 전문.hwp","C:\Users\sosoj\Documents\PNU-ChatBot\src\data\한국은행\(붙임3) 「한국은행 경기본부 중소기업 지원자금 운용기준」 전문.pdf","(붙임3) 「한국은행 경기본부 중소기업 지원자금 운용기준」 전문.hwp","(붙임3) 「한국은행 경기본부 중소기업 지원자금 운용기준」 전문.pdf","296448","f79d202f72339e0350f14108e1563233d28ccd1ef4bafeededd815f066effbba"
"same_title_different_format","한국은행","C:\Users\sosoj\Documents\PNU-ChatBot\src\data\한국은행\(붙임3) 「한국은행 경남본부 중소기업 지원자금 운용기준」 전문(2022.1).hwp","C:\Users\sosoj\Documents\PNU-ChatBot\src\data\한국은행\(붙임3) 「한국은행 경남본부 중소기업 지원자금 운용기준」 전문(2022.1).pdf","(붙임3) 「한국은행 경남본부 중소기업 지원자금 운용기준」 전문(2022.1).hwp","(붙임3) 「한국은행 경남본부 중소기업 지원자금 운용기준」 전문(2022.1).pdf","253952","afb1c2782cea04ca720e2d0a96895c0e6014b622fb1e09ca3f8ca45030c6cacd"
"same_title_different_format","한국은행","C:\Users\sosoj\Documents\PNU-ChatBot\src\data\한국은행\(붙임3) 「한국은행 경남본부 중소기업 지원자금 운용기준」 전문(2022.10)_f.hwp","C:\Users\sosoj\Documents\PNU-ChatBot\src\data\한국은행\(붙임3) 「한국은행 경남본부 중소기업 지원자금 운용기준」 전문(2022.10)_f.pdf","(붙임3) 「한국은행 경남본부 중소기업 지원자금 운용기준」 전문(2022.10)_f.hwp","(붙임3) 「한국은행 경남본부 중소기업 지원자금 운용기준」 전문(2022.10)_f.pdf","98816","7c42219b6e6cabe77a5233840d4bccbc2ea0a48f21d1c20df67390869441b9bd"
"same_title_different_format","한국은행","C:\Users\sosoj\Documents\PNU-ChatBot\src\data\한국은행\(붙임3) 「한국은행 경남본부 중소기업 지원자금 운용기준」 전문(2023.3).hwp","C:\Users\sosoj\Documents\PNU-ChatBot\src\data\한국은행\(붙임3) 「한국은행 경남본부 중소기업 지원자금 운용기준」 전문(2023.3).pdf","(붙임3) 「한국은행 경남본부 중소기업 지원자금 운용기준」 전문(2023.3).hwp","(붙임3) 「한국은행 경남본부 중소기업 지원자금 운용기준」 전문(2023.3).pdf","187904","1cb2e4d5cd7bb2bea94ac132f077e51c260faf7c9c5a71ec4ae5ca140c79bc22"
"same_title_different_format","한국은행","C:\Users\sosoj\Documents\PNU-ChatBot\src\data\한국은행\(붙임3) 「한국은행 경남본부 중소기업 지원자금 운용기준」 전문.hwp","C:\Users\sosoj\Documents\PNU-ChatBot\src\data\한국은행\(붙임3) 「한국은행 경남본부 중소기업 지원자금 운용기준」 전문.pdf","(붙임3) 「한국은행 경남본부 중소기업 지원자금 운용기준」 전문.hwp","(붙임3) 「한국은행 경남본부 중소기업 지원자금 운용기준」 전문.pdf","98816","2af4b78a8498e0c4ede3966d11484d6359fd3476704885e46405b29f7ee917c0"
"same_title_different_format","한국은행","C:\Users\sosoj\Documents\PNU-ChatBot\src\data\한국은행\(붙임3) 「한국은행 경남본부 지방중소기업지원 프로그램 운용기준」 전문.hwp","C:\Users\sosoj\Documents\PNU-ChatBot\src\data\한국은행\(붙임3) 「한국은행 경남본부 지방중소기업지원 프로그램 운용기준」 전문.pdf","(붙임3) 「한국은행 경남본부 지방중소기업지원 프로그램 운용기준」 전문.hwp","(붙임3) 「한국은행 경남본부 지방중소기업지원 프로그램 운용기준」 전문.pdf","118784","e69e0852d8b183c1ab7c61cda0b112c47666b19821e9e51fa47c53d798ea641c"
"same_title_different_format","한국은행","C:\Users\sosoj\Documents\PNU-ChatBot\src\data\한국은행\(붙임3) 「한국은행 대구경북본부 중소기업 지원자금 운용기준」 전문.hwp","C:\Users\sosoj\Documents\PNU-ChatBot\src\data\한국은행\(붙임3) 「한국은행 대구경북본부 중소기업 지원자금 운용기준」 전문.pdf","(붙임3) 「한국은행 대구경북본부 중소기업 지원자금 운용기준」 전문.hwp","(붙임3) 「한국은행 대구경북본부 중소기업 지원자금 운용기준」 전문.pdf","152064","6e8ad26845aa14d2e83b0b7b141d21b2ea9a3de5e065439cad5ff9abff3095b1"
"same_title_different_format","한국은행","C:\Users\sosoj\Documents\PNU-ChatBot\src\data\한국은행\(붙임3) 「한국은행 대구경북본부 중소기업 지원자금 운용기준」 전문_F.hwp","C:\Users\sosoj\Documents\PNU-ChatBot\src\data\한국은행\(붙임3) 「한국은행 대구경북본부 중소기업 지원자금 운용기준」 전문_F.pdf","(붙임3) 「한국은행 대구경북본부 중소기업 지원자금 운용기준」 전문_F.hwp","(붙임3) 「한국은행 대구경북본부 중소기업 지원자금 운용기준」 전문_F.pdf","80384","d28e1927a0c34dbe0f228d34e10cfdb4096d4bfe8bca473d0aa71d1259e199cc"
"same_title_different_format","한국은행","C:\Users\sosoj\Documents\PNU-ChatBot\src\data\한국은행\(붙임3) 「한국은행 대전세종충남본부 지방중소기업지원 프로그램 운용기준」 전문(2408)_f.hwp","C:\Users\sosoj\Documents\PNU-ChatBot\src\data\한국은행\(붙임3) 「한국은행 대전세종충남본부 지방중소기업지원 프로그램 운용기준」 전문(2408)_f.pdf","(붙임3) 「한국은행 대전세종충남본부 지방중소기업지원 프로그램 운용기준」 전문(2408)_f.hwp","(붙임3) 「한국은행 대전세종충남본부 지방중소기업지원 프로그램 운용기준」 전문(2408)_f.pdf","86528","de4a7d474fdaae79787fffa70512db8382b6339b68e53c31c8ad709b9673d7e8"
"same_title_different_format","한국은행","C:\Users\sosoj\Documents\PNU-ChatBot\src\data\한국은행\(붙임3) 「한국은행 대전세종충남본부 지방중소기업지원 프로그램 운용기준」 전문(2506)_f.hwp","C:\Users\sosoj\Documents\PNU-ChatBot\src\data\한국은행\(붙임3) 「한국은행 대전세종충남본부 지방중소기업지원 프로그램 운용기준」 전문(2506)_f.pdf","(붙임3) 「한국은행 대전세종충남본부 지방중소기업지원 프로그램 운용기준」 전문(2506)_f.hwp","(붙임3) 「한국은행 대전세종충남본부 지방중소기업지원 프로그램 운용기준」 전문(2506)_f.pdf","87552","2d9ba923e30a50474f4601d9b170ff2018976c1b472d9de9fd2e07019d4ca6b6"
"same_title_different_format","한국은행","C:\Users\sosoj\Documents\PNU-ChatBot\src\data\한국은행\(붙임3) 「한국은행 대전세종충남본부 지방중소기업지원 프로그램 운용기준」 전문(2508)_f.hwp","C:\Users\sosoj\Documents\PNU-ChatBot\src\data\한국은행\(붙임3) 「한국은행 대전세종충남본부 지방중소기업지원 프로그램 운용기준」 전문(2508)_f.pdf","(붙임3) 「한국은행 대전세종충남본부 지방중소기업지원 프로그램 운용기준」 전문(2508)_f.hwp","(붙임3) 「한국은행 대전세종충남본부 지방중소기업지원 프로그램 운용기준」 전문(2508)_f.pdf","87552","59e8842987150f38d346ad605733f37e1c91dcf61f08a43a52803cd7beb47906"
"same_title_different_format","한국은행","C:\Users\sosoj\Documents\PNU-ChatBot\src\data\한국은행\(붙임3) 「한국은행 인천본부 중소기업 지원자금 운용기준」 전문.hwp","C:\Users\sosoj\Documents\PNU-ChatBot\src\data\한국은행\(붙임3) 「한국은행 인천본부 중소기업 지원자금 운용기준」 전문.pdf","(붙임3) 「한국은행 인천본부 중소기업 지원자금 운용기준」 전문.hwp","(붙임3) 「한국은행 인천본부 중소기업 지원자금 운용기준」 전문.pdf","103424","c013dcfaca3ddf0b6a6e3a47643354ab817bd12123b9524b5dbcfe692aa557a1"
"same_title_different_format","한국은행","C:\Users\sosoj\Documents\PNU-ChatBot\src\data\한국은행\(붙임3) 「한국은행 전북본부 지방중소기업지원 프로그램 운용기준」 전문_개정후.hwp","C:\Users\sosoj\Documents\PNU-ChatBot\src\data\한국은행\(붙임3) 「한국은행 전북본부 지방중소기업지원 프로그램 운용기준」 전문_개정후.pdf","(붙임3) 「한국은행 전북본부 지방중소기업지원 프로그램 운용기준」 전문_개정후.hwp","(붙임3) 「한국은행 전북본부 지방중소기업지원 프로그램 운용기준」 전문_개정후.pdf","75776","f4d6623c77d9556aba37ec71fc83c521ed9b80eaa2304110ee20e5830aeeed56"
"same_title_different_format","한국은행","C:\Users\sosoj\Documents\PNU-ChatBot\src\data\한국은행\(붙임3) 개인정보 수집 및 이용에 대한 동의서.hwp","C:\Users\sosoj\Documents\PNU-ChatBot\src\data\한국은행\(붙임3) 개인정보 수집 및 이용에 대한 동의서.pdf","(붙임3) 개인정보 수집 및 이용에 대한 동의서.hwp","(붙임3) 개인정보 수집 및 이용에 대한 동의서.pdf","79872","d6a616361a60a05fa7a0e2d6bbc2da89e4320ae70eeabc0aa022ffcfe6cbf20e"
"same_title_different_format","한국은행","C:\Users\sosoj\Documents\PNU-ChatBot\src\data\한국은행\(붙임3) 대구경북본부 중소기업 지원자금 운용기준 전문.hwp","C:\Users\sosoj\Documents\PNU-ChatBot\src\data\한국은행\(붙임3) 대구경북본부 중소기업 지원자금 운용기준 전문.pdf","(붙임3) 대구경북본부 중소기업 지원자금 운용기준 전문.hwp","(붙임3) 대구경북본부 중소기업 지원자금 운용기준 전문.pdf","98304","437f6c7eca051edb58bdf92692b6b0a888545086cebc184c3dde48c49f8faf99"
"same_title_different_format","한국은행","C:\Users\sosoj\Documents\PNU-ChatBot\src\data\한국은행\(붙임3) 한국은행 강릉본부 중소기업 지원자금 운용기준 전문.hwp","C:\Users\sosoj\Documents\PNU-ChatBot\src\data\한국은행\(붙임3) 한국은행 강릉본부 중소기업 지원자금 운용기준 전문.pdf","(붙임3) 한국은행 강릉본부 중소기업 지원자금 운용기준 전문.hwp","(붙임3) 한국은행 강릉본부 중소기업 지원자금 운용기준 전문.pdf","103936","4bc5f316bbcb4b25afbe011ce5ebf9a427af2821e0093bbb161cbe3c24a986c9"
"same_title_different_format","한국은행","C:\Users\sosoj\Documents\PNU-ChatBot\src\data\한국은행\(붙임3) 한국은행 강릉본부 중소기업 지원자금 운용기준 전문_f.hwp","C:\Users\sosoj\Documents\PNU-ChatBot\src\data\한국은행\(붙임3) 한국은행 강릉본부 중소기업 지원자금 운용기준 전문_f.pdf","(붙임3) 한국은행 강릉본부 중소기업 지원자금 운용기준 전문_f.hwp","(붙임3) 한국은행 강릉본부 중소기업 지원자금 운용기준 전문_f.pdf","148480","3079b06c72d12d97798de5938152a73e2447f1b83a9afacee416fa3043cec807"
"same_title_different_format","한국은행","C:\Users\sosoj\Documents\PNU-ChatBot\src\data\한국은행\(붙임3) 한국은행 금융중개지원대출관련 지방중소기업지원 프로그램 운용절차 전문.hwp","C:\Users\sosoj\Documents\PNU-ChatBot\src\data\한국은행\(붙임3) 한국은행 금융중개지원대출관련 지방중소기업지원 프로그램 운용절차 전문.pdf","(붙임3) 한국은행 금융중개지원대출관련 지방중소기업지원 프로그램 운용절차 전문.hwp","(붙임3) 한국은행 금융중개지원대출관련 지방중소기업지원 프로그램 운용절차 전문.pdf","55296","60f073a24c2825e8118ae17fbbcaea6982c39458f7b9c45a02e8b99777a62db7"
"same_title_different_format","한국은행","C:\Users\sosoj\Documents\PNU-ChatBot\src\data\한국은행\(붙임3) 한국은행 목포본부 지방중소기업지원 프로그램 운용기준 전문.hwp","C:\Users\sosoj\Documents\PNU-ChatBot\src\data\한국은행\(붙임3) 한국은행 목포본부 지방중소기업지원 프로그램 운용기준 전문.pdf","(붙임3) 한국은행 목포본부 지방중소기업지원 프로그램 운용기준 전문.hwp","(붙임3) 한국은행 목포본부 지방중소기업지원 프로그램 운용기준 전문.pdf","70656","62c73c4b2bd4c8724bfe19a790873263e7bc68426d62b1ae798c175d14366df2"
"same_title_different_format","한국은행","C:\Users\sosoj\Documents\PNU-ChatBot\src\data\한국은행\(붙임3) 한국은행 울산본부 지방중소기업지원 프로그램 운용기준 전문(25.10.29)_F.hwp","C:\Users\sosoj\Documents\PNU-ChatBot\src\data\한국은행\(붙임3) 한국은행 울산본부 지방중소기업지원 프로그램 운용기준 전문(25.10.29)_F.pdf","(붙임3) 한국은행 울산본부 지방중소기업지원 프로그램 운용기준 전문(25.10.29)_F.hwp","(붙임3) 한국은행 울산본부 지방중소기업지원 프로그램 운용기준 전문(25.10.29)_F.pdf","73216","84adfe1b73dcc5440de2694312c6c54d81ec0d42fe61fae9b0a88fc8b7af63ea"
"same_title_different_format","한국은행","C:\Users\sosoj\Documents\PNU-ChatBot\src\data\한국은행\(붙임3) 한국은행 울산본부 지방중소기업지원 프로그램 운용기준 전문(25.10월)_F.hwp","C:\Users\sosoj\Documents\PNU-ChatBot\src\data\한국은행\(붙임3) 한국은행 울산본부 지방중소기업지원 프로그램 운용기준 전문(25.10월)_F.pdf","(붙임3) 한국은행 울산본부 지방중소기업지원 프로그램 운용기준 전문(25.10월)_F.hwp","(붙임3) 한국은행 울산본부 지방중소기업지원 프로그램 운용기준 전문(25.10월)_F.pdf","72704","c2b87be10f55c7df9eef8ae9be32c10c02ca478be50061378cf833daf863f02c"
"same_title_different_format","한국은행","C:\Users\sosoj\Documents\PNU-ChatBot\src\data\한국은행\(붙임3) 한국은행 울산본부 지방중소기업지원 프로그램 운용기준 전문(25.6월)_F.hwp","C:\Users\sosoj\Documents\PNU-ChatBot\src\data\한국은행\(붙임3) 한국은행 울산본부 지방중소기업지원 프로그램 운용기준 전문(25.6월)_F.pdf","(붙임3) 한국은행 울산본부 지방중소기업지원 프로그램 운용기준 전문(25.6월)_F.hwp","(붙임3) 한국은행 울산본부 지방중소기업지원 프로그램 운용기준 전문(25.6월)_F.pdf","72192","e08a250df64e7a9f2251819ece20d3056faa45467549c12f00be62e43ef247fb"
"same_title_different_format","한국은행","C:\Users\sosoj\Documents\PNU-ChatBot\src\data\한국은행\(붙임3) 한국은행 울산본부 지방중소기업지원 프로그램 운용기준 전문(26.2.11)_F.hwp","C:\Users\sosoj\Documents\PNU-ChatBot\src\data\한국은행\(붙임3) 한국은행 울산본부 지방중소기업지원 프로그램 운용기준 전문(26.2.11)_F.pdf","(붙임3) 한국은행 울산본부 지방중소기업지원 프로그램 운용기준 전문(26.2.11)_F.hwp","(붙임3) 한국은행 울산본부 지방중소기업지원 프로그램 운용기준 전문(26.2.11)_F.pdf","73216","61321de92a382d06ab7223b384d82f911864fe03ef4769056926f1e80dfcba78"
"same_title_different_format","한국은행","C:\Users\sosoj\Documents\PNU-ChatBot\src\data\한국은행\(붙임3) 한국은행 충북본부 중소기업 지원자금 운용기준 전문.hwp","C:\Users\sosoj\Documents\PNU-ChatBot\src\data\한국은행\(붙임3) 한국은행 충북본부 중소기업 지원자금 운용기준 전문.pdf","(붙임3) 한국은행 충북본부 중소기업 지원자금 운용기준 전문.hwp","(붙임3) 한국은행 충북본부 중소기업 지원자금 운용기준 전문.pdf","95232","9dd8a9a294d21bfaa58d769ae48086b58a3f60c766128f941b4f552b0a81b434"
"same_title_different_format","한국은행","C:\Users\sosoj\Documents\PNU-ChatBot\src\data\한국은행\(붙임3) 한국은행 충북본부 중소기업 지원자금 운용기준 전문_f.hwp","C:\Users\sosoj\Documents\PNU-ChatBot\src\data\한국은행\(붙임3) 한국은행 충북본부 중소기업 지원자금 운용기준 전문_f.pdf","(붙임3) 한국은행 충북본부 중소기업 지원자금 운용기준 전문_f.hwp","(붙임3) 한국은행 충북본부 중소기업 지원자금 운용기준 전문_f.pdf","95232","11145510cd343098758e2bf8dab1feb729e0bce58c8bf0a70f208c3104e382ec"
"same_title_different_format","한국은행","C:\Users\sosoj\Documents\PNU-ChatBot\src\data\한국은행\(붙임3)2020년6월 운용기준 전문_강원본부.hwp","C:\Users\sosoj\Documents\PNU-ChatBot\src\data\한국은행\(붙임3)2020년6월 운용기준 전문_강원본부.pdf","(붙임3)2020년6월 운용기준 전문_강원본부.hwp","(붙임3)2020년6월 운용기준 전문_강원본부.pdf","135168","eeaf61242884fcd32108752d9a0e80cff13cc21ee17d93072f69f8f1f15b6270"
"same_title_different_format","한국은행","C:\Users\sosoj\Documents\PNU-ChatBot\src\data\한국은행\(붙임3)_「한국은행 부산본부 중소기업 지원자금 운용기준」 전문(개정후)_f.hwp","C:\Users\sosoj\Documents\PNU-ChatBot\src\data\한국은행\(붙임3)_「한국은행 부산본부 중소기업 지원자금 운용기준」 전문(개정후)_f.pdf","(붙임3)_「한국은행 부산본부 중소기업 지원자금 운용기준」 전문(개정후)_f.hwp","(붙임3)_「한국은행 부산본부 중소기업 지원자금 운용기준」 전문(개정후)_f.pdf","157184","6c5d12b79bae52fcab8749c602c27bf8f815b6adc70b57466dbe44a1d855e84b"
"same_title_different_format","한국은행","C:\Users\sosoj\Documents\PNU-ChatBot\src\data\한국은행\(붙임3)_「한국은행 부산본부 중소기업 지원자금 운용기준」 전문(개정후)_게시.hwp","C:\Users\sosoj\Documents\PNU-ChatBot\src\data\한국은행\(붙임3)_「한국은행 부산본부 중소기업 지원자금 운용기준」 전문(개정후)_게시.pdf","(붙임3)_「한국은행 부산본부 중소기업 지원자금 운용기준」 전문(개정후)_게시.hwp","(붙임3)_「한국은행 부산본부 중소기업 지원자금 운용기준」 전문(개정후)_게시.pdf","114688","28c87d14bc8c0bcb5bc2e1c25fb5a40cda2ae76843c014b25fd52806965f826d"
"same_title_different_format","한국은행","C:\Users\sosoj\Documents\PNU-ChatBot\src\data\한국은행\(붙임3)_「한국은행_경기본부_중소기업_지원자금_운용기준」_전문.hwp","C:\Users\sosoj\Documents\PNU-ChatBot\src\data\한국은행\(붙임3)_「한국은행_경기본부_중소기업_지원자금_운용기준」_전문.pdf","(붙임3)_「한국은행_경기본부_중소기업_지원자금_운용기준」_전문.hwp","(붙임3)_「한국은행_경기본부_중소기업_지원자금_운용기준」_전문.pdf","104448","cc14d4b726c956594b53f0ce8f6818f207a0dd2d4ca0ec0fa28ef61ebe1a3b63"
"same_title_different_format","한국은행","C:\Users\sosoj\Documents\PNU-ChatBot\src\data\한국은행\(붙임3)「한국은행 목포본부 중소기업 지원자금 운용기준」 전문.hwp","C:\Users\sosoj\Documents\PNU-ChatBot\src\data\한국은행\(붙임3)「한국은행 목포본부 중소기업 지원자금 운용기준」 전문.pdf","(붙임3)「한국은행 목포본부 중소기업 지원자금 운용기준」 전문.hwp","(붙임3)「한국은행 목포본부 중소기업 지원자금 운용기준」 전문.pdf","196608","f284e93822a9486566f2cbf80c95a2d3387fe1ea1de946d02afd7194095c19db"
"same_title_different_format","한국은행","C:\Users\sosoj\Documents\PNU-ChatBot\src\data\한국은행\(붙임3)「한국은행 부산본부 중소기업 지원자금 운용기준」 전문(개정후).hwp","C:\Users\sosoj\Documents\PNU-ChatBot\src\data\한국은행\(붙임3)「한국은행 부산본부 중소기업 지원자금 운용기준」 전문(개정후).pdf","(붙임3)「한국은행 부산본부 중소기업 지원자금 운용기준」 전문(개정후).hwp","(붙임3)「한국은행 부산본부 중소기업 지원자금 운용기준」 전문(개정후).pdf","278528","84230fe44f106a1d5f3053c18f5e790ec30f1dfed42f78dcfb216ec10f6fc267"
"same_title_different_format","한국은행","C:\Users\sosoj\Documents\PNU-ChatBot\src\data\한국은행\(붙임3)「한국은행 부산본부 중소기업 지원자금 운용기준」 전문(개정후)_f.hwp","C:\Users\sosoj\Documents\PNU-ChatBot\src\data\한국은행\(붙임3)「한국은행 부산본부 중소기업 지원자금 운용기준」 전문(개정후)_f.pdf","(붙임3)「한국은행 부산본부 중소기업 지원자금 운용기준」 전문(개정후)_f.hwp","(붙임3)「한국은행 부산본부 중소기업 지원자금 운용기준」 전문(개정후)_f.pdf","136704","11dd88b40625c2b8df7136a7f672c25724f454331a44c1e94d640f4ba98cdc39"
"same_title_different_format","한국은행","C:\Users\sosoj\Documents\PNU-ChatBot\src\data\한국은행\(붙임3)「한국은행 부산본부 중소기업 지원자금 운용기준」 전문.hwp","C:\Users\sosoj\Documents\PNU-ChatBot\src\data\한국은행\(붙임3)「한국은행 부산본부 중소기업 지원자금 운용기준」 전문.pdf","(붙임3)「한국은행 부산본부 중소기업 지원자금 운용기준」 전문.hwp","(붙임3)「한국은행 부산본부 중소기업 지원자금 운용기준」 전문.pdf","140288","f9f8268783d5246971a4c7bc28056cc682f03ebb037d67d87d99d043b8ce896b"
"same_title_different_format","한국은행","C:\Users\sosoj\Documents\PNU-ChatBot\src\data\한국은행\(붙임3)강원본부 중소기업 지원자금 운용기준 전문.hwp","C:\Users\sosoj\Documents\PNU-ChatBot\src\data\한국은행\(붙임3)강원본부 중소기업 지원자금 운용기준 전문.pdf","(붙임3)강원본부 중소기업 지원자금 운용기준 전문.hwp","(붙임3)강원본부 중소기업 지원자금 운용기준 전문.pdf","192000","51d2c5994955c60fceeef2f05db9a6c0af6451b67ca441e692447a33d9f8292b"
"same_title_different_format","한국은행","C:\Users\sosoj\Documents\PNU-ChatBot\src\data\한국은행\(붙임3)강원본부 중소기업 지원자금 운용기준 전문_2311.hwp","C:\Users\sosoj\Documents\PNU-ChatBot\src\data\한국은행\(붙임3)강원본부 중소기업 지원자금 운용기준 전문_2311.pdf","(붙임3)강원본부 중소기업 지원자금 운용기준 전문_2311.hwp","(붙임3)강원본부 중소기업 지원자금 운용기준 전문_2311.pdf","100352","3c474c2775b5d4f1f76f6c078e815fe7cfdb4e9ddc149e203c9e78f1455bd5da"
"same_title_different_format","한국은행","C:\Users\sosoj\Documents\PNU-ChatBot\src\data\한국은행\(붙임3)대구경북본부 중소기업 지원자금 운용기준 전문.hwp","C:\Users\sosoj\Documents\PNU-ChatBot\src\data\한국은행\(붙임3)대구경북본부 중소기업 지원자금 운용기준 전문.pdf","(붙임3)대구경북본부 중소기업 지원자금 운용기준 전문.hwp","(붙임3)대구경북본부 중소기업 지원자금 운용기준 전문.pdf","102400","9b80395b4044a5955cd940ff4a9b9eec65996d1acdd54c9ad43f5f4748dd0c36"
"same_title_different_format","한국은행","C:\Users\sosoj\Documents\PNU-ChatBot\src\data\한국은행\(붙임3)운용기준 전문(개정후).hwp","C:\Users\sosoj\Documents\PNU-ChatBot\src\data\한국은행\(붙임3)운용기준 전문(개정후).pdf","(붙임3)운용기준 전문(개정후).hwp","(붙임3)운용기준 전문(개정후).pdf","98304","4ded40101116fd1819b02352886599923ee03fc78278fee44d27ecc1cf415b92"
"same_title_different_format","한국은행","C:\Users\sosoj\Documents\PNU-ChatBot\src\data\한국은행\(붙임3)한국은행 강릉본부 중소기업 지원자금 운용기준 전문(안).hwp","C:\Users\sosoj\Documents\PNU-ChatBot\src\data\한국은행\(붙임3)한국은행 강릉본부 중소기업 지원자금 운용기준 전문(안).pdf","(붙임3)한국은행 강릉본부 중소기업 지원자금 운용기준 전문(안).hwp","(붙임3)한국은행 강릉본부 중소기업 지원자금 운용기준 전문(안).pdf","181760","055ce9982bb312a450b3cdb04ed8f4437ac3cb4269225e6414cd564447aeb72f"
"same_title_different_format","한국은행","C:\Users\sosoj\Documents\PNU-ChatBot\src\data\한국은행\(붙임3)한국은행 강릉본부 중소기업 지원자금 운용기준 전문).hwp","C:\Users\sosoj\Documents\PNU-ChatBot\src\data\한국은행\(붙임3)한국은행 강릉본부 중소기업 지원자금 운용기준 전문).pdf","(붙임3)한국은행 강릉본부 중소기업 지원자금 운용기준 전문).hwp","(붙임3)한국은행 강릉본부 중소기업 지원자금 운용기준 전문).pdf","57856","f9f360c9d27bfde6444ef2e867ee22ee71312dacd30fb3633ec26c3087f7a0ef"
"same_title_different_format","한국은행","C:\Users\sosoj\Documents\PNU-ChatBot\src\data\한국은행\(붙임3)한국은행 경기본부 중소기업 지원자금 운용기준 전문.hwp","C:\Users\sosoj\Documents\PNU-ChatBot\src\data\한국은행\(붙임3)한국은행 경기본부 중소기업 지원자금 운용기준 전문.pdf","(붙임3)한국은행 경기본부 중소기업 지원자금 운용기준 전문.hwp","(붙임3)한국은행 경기본부 중소기업 지원자금 운용기준 전문.pdf","101376","8adf3db6bcfd611714f3d147eed31c86cb99adc774cca1c1010673056cf4664b"
"same_title_different_format","한국은행","C:\Users\sosoj\Documents\PNU-ChatBot\src\data\한국은행\1. 2026년 6월 기업경기조사 결과 및 경제심리지수(ESI)(국문)_vF.hwp","C:\Users\sosoj\Documents\PNU-ChatBot\src\data\한국은행\1. 2026년 6월 기업경기조사 결과 및 경제심리지수(ESI)(국문)_vF.pdf","1. 2026년 6월 기업경기조사 결과 및 경제심리지수(ESI)(국문)_vF.hwp","1. 2026년 6월 기업경기조사 결과 및 경제심리지수(ESI)(국문)_vF.pdf","745984","7dc8f5255bb87fd3a5d840d083912081ab75e60aa6b80180ba0a383631239a7b"
"same_title_different_format","한국은행","C:\Users\sosoj\Documents\PNU-ChatBot\src\data\한국은행\1. 부산지역 경제동향(2026년 5월호).hwp","C:\Users\sosoj\Documents\PNU-ChatBot\src\data\한국은행\1. 부산지역 경제동향(2026년 5월호).pdf","1. 부산지역 경제동향(2026년 5월호).hwp","1. 부산지역 경제동향(2026년 5월호).pdf","1303040","59fb9fe21f855fd0675a172392cda9b1daa6f76ff8db32863015ccece5023965"
"same_title_different_format","한국은행","C:\Users\sosoj\Documents\PNU-ChatBot\src\data\한국은행\1. 운용기준 개정 내용.hwp","C:\Users\sosoj\Documents\PNU-ChatBot\src\data\한국은행\1. 운용기준 개정 내용.pdf","1. 운용기준 개정 내용.hwp","1. 운용기준 개정 내용.pdf","52736","1ece444d53d4f4b3e379188b9941b785c4470b07619da77bc09a775ce7f58cec"
"same_title_different_format","한국은행","C:\Users\sosoj\Documents\PNU-ChatBot\src\data\한국은행\1. 일반사무보조원 모집안내문.hwp","C:\Users\sosoj\Documents\PNU-ChatBot\src\data\한국은행\1. 일반사무보조원 모집안내문.pdf","1. 일반사무보조원 모집안내문.hwp","1. 일반사무보조원 모집안내문.pdf","58880","f0cfcb361917ba58a4a4917d0f6c532fb9b8cf978ae3a8450e40fbfe1ad41a8f"
"same_title_different_format","한국은행","C:\Users\sosoj\Documents\PNU-ChatBot\src\data\한국은행\1. 지역경제동향-2026.4월.hwp","C:\Users\sosoj\Documents\PNU-ChatBot\src\data\한국은행\1. 지역경제동향-2026.4월.pdf","1. 지역경제동향-2026.4월.hwp","1. 지역경제동향-2026.4월.pdf","1572352","418eada1bfc12cba57df297728c05c795cd51bb7680383232686694af271abed"
"same_title_different_format","한국은행","C:\Users\sosoj\Documents\PNU-ChatBot\src\data\한국은행\1. 지역경제동향-2026.5월.hwp","C:\Users\sosoj\Documents\PNU-ChatBot\src\data\한국은행\1. 지역경제동향-2026.5월.pdf","1. 지역경제동향-2026.5월.hwp","1. 지역경제동향-2026.5월.pdf","1585664","9b090f0ec547d594f39b67877336cafc0803d7a9a15d231fe851b6bf24b5ee53"
"same_title_different_format","한국은행","C:\Users\sosoj\Documents\PNU-ChatBot\src\data\한국은행\1. 채용공고_부산본부.hwp","C:\Users\sosoj\Documents\PNU-ChatBot\src\data\한국은행\1. 채용공고_부산본부.pdf","1. 채용공고_부산본부.hwp","1. 채용공고_부산본부.pdf","52224","b78e6c9fd30ed71cdc5ce0b593dacd9c84f469cf10f7a7944ce566fe215e78c9"
"same_title_different_format","한국은행","C:\Users\sosoj\Documents\PNU-ChatBot\src\data\한국은행\2. 운용기준 신구조문대비표.hwp","C:\Users\sosoj\Documents\PNU-ChatBot\src\data\한국은행\2. 운용기준 신구조문대비표.pdf","2. 운용기준 신구조문대비표.hwp","2. 운용기준 신구조문대비표.pdf","70144","6fef13fa654b400a26c51a4d009a7e52e904421d9b927211272ed7dc10255ff6"
"same_title_different_format","한국은행","C:\Users\sosoj\Documents\PNU-ChatBot\src\data\한국은행\2. 지역경제통계-2026.4월.pdf","C:\Users\sosoj\Documents\PNU-ChatBot\src\data\한국은행\2. 지역경제통계-2026.4월.xlsx","2. 지역경제통계-2026.4월.pdf","2. 지역경제통계-2026.4월.xlsx","1220795","68556f3610ae5805b9d8a797c223d63ce3f6b16fc39dd8f6cda2c8706b750e1e"
"same_title_different_format","한국은행","C:\Users\sosoj\Documents\PNU-ChatBot\src\data\한국은행\2. 지역경제통계-2026.5월.pdf","C:\Users\sosoj\Documents\PNU-ChatBot\src\data\한국은행\2. 지역경제통계-2026.5월.xlsx","2. 지역경제통계-2026.5월.pdf","2. 지역경제통계-2026.5월.xlsx","1249105","64b8fc03cac262a908bdf1f6cbf70affa5805935c0211c935f67d5b4b50dc1ca"
"same_title_different_format","한국은행","C:\Users\sosoj\Documents\PNU-ChatBot\src\data\한국은행\2. 지원서 및 개인정보 수집이용동의서.hwp","C:\Users\sosoj\Documents\PNU-ChatBot\src\data\한국은행\2. 지원서 및 개인정보 수집이용동의서.pdf","2. 지원서 및 개인정보 수집이용동의서.hwp","2. 지원서 및 개인정보 수집이용동의서.pdf","55808","783f20de99ac7902228685b7d7142bcf5159c30a918c88cf53872613b98b5b5e"
"same_title_different_format","한국은행","C:\Users\sosoj\Documents\PNU-ChatBot\src\data\한국은행\2. 지원서 양식.hwp","C:\Users\sosoj\Documents\PNU-ChatBot\src\data\한국은행\2. 지원서 양식.pdf","2. 지원서 양식.hwp","2. 지원서 양식.pdf","61440","204083003ac59f91ab9dcc58facc4fbd4983d12d94f557c3a68ade6e7fdf2e32"
"same_title_different_format","한국은행","C:\Users\sosoj\Documents\PNU-ChatBot\src\data\한국은행\2.지역경제일지(202605).hwp","C:\Users\sosoj\Documents\PNU-ChatBot\src\data\한국은행\2.지역경제일지(202605).pdf","2.지역경제일지(202605).hwp","2.지역경제일지(202605).pdf","46080","b0cde5de1bb85ad2031dac92dcb60d3aa3ca373613effc23b154d75aa2cb4d9c"
"same_title_different_format","한국은행","C:\Users\sosoj\Documents\PNU-ChatBot\src\data\한국은행\2025년말 경기지역 금융기관 점포수 기관별 현황_f.hwp","C:\Users\sosoj\Documents\PNU-ChatBot\src\data\한국은행\2025년말 경기지역 금융기관 점포수 기관별 현황_f.pdf","2025년말 경기지역 금융기관 점포수 기관별 현황_f.hwp","2025년말 경기지역 금융기관 점포수 기관별 현황_f.pdf","81408","bab754e385285e627b44afdb3033fac0aba00866d592a7c2a5816b8eec7b341f"
"same_title_different_format","한국은행","C:\Users\sosoj\Documents\PNU-ChatBot\src\data\한국은행\2026.03.11_금융시장국_2026년 2월 금융시장 동향_F.hwp","C:\Users\sosoj\Documents\PNU-ChatBot\src\data\한국은행\2026.03.11_금융시장국_2026년 2월 금융시장 동향_F.pdf","2026.03.11_금융시장국_2026년 2월 금융시장 동향_F.hwp","2026.03.11_금융시장국_2026년 2월 금융시장 동향_F.pdf","240640","a32112a7a4aa20777dcd4baf5826e1b3f6ffb81a73b02adc58386a160b913898"
"same_title_different_format","한국은행","C:\Users\sosoj\Documents\PNU-ChatBot\src\data\한국은행\2026.04.08_금융시장국_2026년 3월 금융시장 동향_FF.hwp","C:\Users\sosoj\Documents\PNU-ChatBot\src\data\한국은행\2026.04.08_금융시장국_2026년 3월 금융시장 동향_FF.pdf","2026.04.08_금융시장국_2026년 3월 금융시장 동향_FF.hwp","2026.04.08_금융시장국_2026년 3월 금융시장 동향_FF.pdf","238592","8637b4294feccbc8c800ddcf7d532ead52741db39cd64c88ba9e546c4898598d"
"same_title_different_format","한국은행","C:\Users\sosoj\Documents\PNU-ChatBot\src\data\한국은행\2026.6월 울산지역 기업경기조사 결과.hwp","C:\Users\sosoj\Documents\PNU-ChatBot\src\data\한국은행\2026.6월 울산지역 기업경기조사 결과.pdf","2026.6월 울산지역 기업경기조사 결과.hwp","2026.6월 울산지역 기업경기조사 결과.pdf","242176","af4bfad0c2b6350daf4ce32bd9cbfed5473bfa022375610cb8cb36e62cc67b55"
"same_title_different_format","한국은행","C:\Users\sosoj\Documents\PNU-ChatBot\src\data\한국은행\2026.6월 충북지역 소비자동향조사 결과_f.hwp","C:\Users\sosoj\Documents\PNU-ChatBot\src\data\한국은행\2026.6월 충북지역 소비자동향조사 결과_f.pdf","2026.6월 충북지역 소비자동향조사 결과_f.hwp","2026.6월 충북지역 소비자동향조사 결과_f.pdf","658944","682f566cd920b116a615a77b0eb4752c704c35302d54453cedd6e2905c2613ac"
"same_title_different_format","한국은행","C:\Users\sosoj\Documents\PNU-ChatBot\src\data\한국은행\2026년 1분기 기업경영분석 결과.hwp","C:\Users\sosoj\Documents\PNU-ChatBot\src\data\한국은행\2026년 1분기 기업경영분석 결과.pdf","2026년 1분기 기업경영분석 결과.hwp","2026년 1분기 기업경영분석 결과.pdf","1098752","93543325ac34318d432332f3e07c1d75068e0b6738ea7fe5edd245a0fe1a59fb"
"same_title_different_format","한국은행","C:\Users\sosoj\Documents\PNU-ChatBot\src\data\한국은행\2026년 4월 중 강원 영동지역 실물경제 동향_f.hwp","C:\Users\sosoj\Documents\PNU-ChatBot\src\data\한국은행\2026년 4월 중 강원 영동지역 실물경제 동향_f.pdf","2026년 4월 중 강원 영동지역 실물경제 동향_f.hwp","2026년 4월 중 강원 영동지역 실물경제 동향_f.pdf","381952","d23be95cd8f7a85052c03e56d4e7efe59e67b5dae96cb136a07eb64b26cee47f"
"same_title_different_format","한국은행","C:\Users\sosoj\Documents\PNU-ChatBot\src\data\한국은행\2026년 4월 중 대구경북지역 금융기관 수신 및 여신 동향.hwp","C:\Users\sosoj\Documents\PNU-ChatBot\src\data\한국은행\2026년 4월 중 대구경북지역 금융기관 수신 및 여신 동향.pdf","2026년 4월 중 대구경북지역 금융기관 수신 및 여신 동향.hwp","2026년 4월 중 대구경북지역 금융기관 수신 및 여신 동향.pdf","1185280","9857a00032bf813e7d1e4ae61970ddbcf8dabb12c5dace994d66776893b439bc"
"same_title_different_format","한국은행","C:\Users\sosoj\Documents\PNU-ChatBot\src\data\한국은행\2026년 4월중 경기지역 금융기관 여수신 동향_F.hwp","C:\Users\sosoj\Documents\PNU-ChatBot\src\data\한국은행\2026년 4월중 경기지역 금융기관 여수신 동향_F.pdf","2026년 4월중 경기지역 금융기관 여수신 동향_F.hwp","2026년 4월중 경기지역 금융기관 여수신 동향_F.pdf","820224","00a7f29e117be732cb52ffcef212250a0a55fe5088596599d35d2934e5125f98"
"same_title_different_format","한국은행","C:\Users\sosoj\Documents\PNU-ChatBot\src\data\한국은행\2026년 4월중 경북동해안지역 금융기관 여수신 동향.hwp","C:\Users\sosoj\Documents\PNU-ChatBot\src\data\한국은행\2026년 4월중 경북동해안지역 금융기관 여수신 동향.pdf","2026년 4월중 경북동해안지역 금융기관 여수신 동향.hwp","2026년 4월중 경북동해안지역 금융기관 여수신 동향.pdf","190464","0224d4e4e7f2800084334b940c7c36c23afb78ffbbc0c71a27aeb29193ad2f39"
"same_title_different_format","한국은행","C:\Users\sosoj\Documents\PNU-ChatBot\src\data\한국은행\2026년 4월중 경북동해안지역 실물경제동향.hwp","C:\Users\sosoj\Documents\PNU-ChatBot\src\data\한국은행\2026년 4월중 경북동해안지역 실물경제동향.pdf","2026년 4월중 경북동해안지역 실물경제동향.hwp","2026년 4월중 경북동해안지역 실물경제동향.pdf","1594368","8aa3b74370c787ff6441cd489e4fac76479c57aef4e1e914e85edf9def634c8e"
"same_title_different_format","한국은행","C:\Users\sosoj\Documents\PNU-ChatBot\src\data\한국은행\2026년 4월중 대전세종충남지역 금융기관 여수신 동향_f.hwp","C:\Users\sosoj\Documents\PNU-ChatBot\src\data\한국은행\2026년 4월중 대전세종충남지역 금융기관 여수신 동향_f.pdf","2026년 4월중 대전세종충남지역 금융기관 여수신 동향_f.hwp","2026년 4월중 대전세종충남지역 금융기관 여수신 동향_f.pdf","690176","8f84dc73736cc6c468b8f2dde6d8056bf2a391ff1a214bfbec1790c4e66a49c3"
"same_title_different_format","한국은행","C:\Users\sosoj\Documents\PNU-ChatBot\src\data\한국은행\2026년 4월중 전남 서남부지역 금융기관 여수신 동향_f.hwp","C:\Users\sosoj\Documents\PNU-ChatBot\src\data\한국은행\2026년 4월중 전남 서남부지역 금융기관 여수신 동향_f.pdf","2026년 4월중 전남 서남부지역 금융기관 여수신 동향_f.hwp","2026년 4월중 전남 서남부지역 금융기관 여수신 동향_f.pdf","1091584","3292875adb49aa0e93c78c9db54f818d212dda05d41c3fd159f3616c3fddf710"
"same_title_different_format","한국은행","C:\Users\sosoj\Documents\PNU-ChatBot\src\data\한국은행\2026년 4월중 전북지역 금융기관 여수신 동향.hwp","C:\Users\sosoj\Documents\PNU-ChatBot\src\data\한국은행\2026년 4월중 전북지역 금융기관 여수신 동향.pdf","2026년 4월중 전북지역 금융기관 여수신 동향.hwp","2026년 4월중 전북지역 금융기관 여수신 동향.pdf","693248","89235e61a9328adcb183b33c2220e95c9fe0c68c7ff3fecdb2fe5eff5edba236"
"same_title_different_format","한국은행","C:\Users\sosoj\Documents\PNU-ChatBot\src\data\한국은행\2026년 5월 전북지역 경제동향.hwp","C:\Users\sosoj\Documents\PNU-ChatBot\src\data\한국은행\2026년 5월 전북지역 경제동향.pdf","2026년 5월 전북지역 경제동향.hwp","2026년 5월 전북지역 경제동향.pdf","528384","56578a7ae572e77bff0dca28e492bfd350d66ce24918f4b03a1f7ea568657d4f"
"same_title_different_format","한국은행","C:\Users\sosoj\Documents\PNU-ChatBot\src\data\한국은행\2026년 5월 전북지역 금융동향.hwp","C:\Users\sosoj\Documents\PNU-ChatBot\src\data\한국은행\2026년 5월 전북지역 금융동향.pdf","2026년 5월 전북지역 금융동향.hwp","2026년 5월 전북지역 금융동향.pdf","683008","669a9bc26ba4d16325fc93f098fe6364ae6af9043c2d21da4fa68d21f45d2b00"
"same_title_different_format","한국은행","C:\Users\sosoj\Documents\PNU-ChatBot\src\data\한국은행\2026년 6월 경기지역 소비자동향조사 결과.hwp","C:\Users\sosoj\Documents\PNU-ChatBot\src\data\한국은행\2026년 6월 경기지역 소비자동향조사 결과.pdf","2026년 6월 경기지역 소비자동향조사 결과.hwp","2026년 6월 경기지역 소비자동향조사 결과.pdf","999424","88512d12fdd577180d491a218253e094ce6c8bf65ae290d8ee8cb740fd45c4be"
"same_title_different_format","한국은행","C:\Users\sosoj\Documents\PNU-ChatBot\src\data\한국은행\2026년 6월 경남지역 소비자동향조사 보도자료_f.hwp","C:\Users\sosoj\Documents\PNU-ChatBot\src\data\한국은행\2026년 6월 경남지역 소비자동향조사 보도자료_f.pdf","2026년 6월 경남지역 소비자동향조사 보도자료_f.hwp","2026년 6월 경남지역 소비자동향조사 보도자료_f.pdf","351232","a1e992d47248f28f25a09445a4d3fa56a35bee2383b38b0dc63481dc94a9851e"
"same_title_different_format","한국은행","C:\Users\sosoj\Documents\PNU-ChatBot\src\data\한국은행\2026년 6월 울산지역 소비자동향조사 결과_F.hwp","C:\Users\sosoj\Documents\PNU-ChatBot\src\data\한국은행\2026년 6월 울산지역 소비자동향조사 결과_F.pdf","2026년 6월 울산지역 소비자동향조사 결과_F.hwp","2026년 6월 울산지역 소비자동향조사 결과_F.pdf","232448","64da4732013b6e75dc912b808de5174eee65d2b2d280706b9f129b04957339c8"
"same_title_different_format","한국은행","C:\Users\sosoj\Documents\PNU-ChatBot\src\data\한국은행\2026년 한국은행 강릉본부 공동연구과제 공모 안내_최종.hwp","C:\Users\sosoj\Documents\PNU-ChatBot\src\data\한국은행\2026년 한국은행 강릉본부 공동연구과제 공모 안내_최종.pdf","2026년 한국은행 강릉본부 공동연구과제 공모 안내_최종.hwp","2026년 한국은행 강릉본부 공동연구과제 공모 안내_최종.pdf","73216","62edd43d2e8a7713f2f59ca8ccbb544af60179c9b63ca6e5d23ffaefc05a74de"
"same_title_different_format","한국은행","C:\Users\sosoj\Documents\PNU-ChatBot\src\data\한국은행\2026년 한국은행 경남본부 외부연구용역 공모 안내.hwp","C:\Users\sosoj\Documents\PNU-ChatBot\src\data\한국은행\2026년 한국은행 경남본부 외부연구용역 공모 안내.pdf","2026년 한국은행 경남본부 외부연구용역 공모 안내.hwp","2026년 한국은행 경남본부 외부연구용역 공모 안내.pdf","72704","a5879d15c45ec18a018c643eb660d05351c79a99891c8d97ac96cf108cdf0452"
"same_title_different_format","한국은행","C:\Users\sosoj\Documents\PNU-ChatBot\src\data\한국은행\2026년 한국은행 목포본부 공동연구 공모 안내_f.hwp","C:\Users\sosoj\Documents\PNU-ChatBot\src\data\한국은행\2026년 한국은행 목포본부 공동연구 공모 안내_f.pdf","2026년 한국은행 목포본부 공동연구 공모 안내_f.hwp","2026년 한국은행 목포본부 공동연구 공모 안내_f.pdf","148992","4c4af826374165da7c22899fc321c347061d7be3e6bc93eb47dc71babfe36cec"
"same_title_different_format","한국은행","C:\Users\sosoj\Documents\PNU-ChatBot\src\data\한국은행\2026년_6월_경기지역_기업경기조사_결과_F.hwp","C:\Users\sosoj\Documents\PNU-ChatBot\src\data\한국은행\2026년_6월_경기지역_기업경기조사_결과_F.pdf","2026년_6월_경기지역_기업경기조사_결과_F.hwp","2026년_6월_경기지역_기업경기조사_결과_F.pdf","348160","7c8820e6e37bfdf42eb8826c2ab312f8ae64d529f9ad9f7009c53f5e48821d4f"
"same_title_different_format","한국은행","C:\Users\sosoj\Documents\PNU-ChatBot\src\data\한국은행\2026년도 제10차 금통위 의사록.hwp","C:\Users\sosoj\Documents\PNU-ChatBot\src\data\한국은행\2026년도 제10차 금통위 의사록.pdf","2026년도 제10차 금통위 의사록.hwp","2026년도 제10차 금통위 의사록.pdf","94720","019f6a268c000428bed039f54980620a59abd8647d7dbe29541f7c75dd6ede9d"
"same_title_different_format","한국은행","C:\Users\sosoj\Documents\PNU-ChatBot\src\data\한국은행\2026년도 제1차 금통위 의사록.hwp","C:\Users\sosoj\Documents\PNU-ChatBot\src\data\한국은행\2026년도 제1차 금통위 의사록.pdf","2026년도 제1차 금통위 의사록.hwp","2026년도 제1차 금통위 의사록.pdf","89088","b4a56019bffd9ed8fc398f102e72999d223aa87a49314a14a0fe455266687d7e"
"same_title_different_format","한국은행","C:\Users\sosoj\Documents\PNU-ChatBot\src\data\한국은행\2026년도 제4차 금통위 의사록.hwp","C:\Users\sosoj\Documents\PNU-ChatBot\src\data\한국은행\2026년도 제4차 금통위 의사록.pdf","2026년도 제4차 금통위 의사록.hwp","2026년도 제4차 금통위 의사록.pdf","181760","29fafee7bc8338185f9cb1d59a019953693ecff1f0123cd7b0d8af7e776f9209"
"same_title_different_format","한국은행","C:\Users\sosoj\Documents\PNU-ChatBot\src\data\한국은행\2026년도 제7차 금통위 의사록.hwp","C:\Users\sosoj\Documents\PNU-ChatBot\src\data\한국은행\2026년도 제7차 금통위 의사록.pdf","2026년도 제7차 금통위 의사록.hwp","2026년도 제7차 금통위 의사록.pdf","89088","7d16da02e3bca427fe58591564bd9becd3313b7bb684485aa941a0193bc25081"
"same_title_different_format","한국은행","C:\Users\sosoj\Documents\PNU-ChatBot\src\data\한국은행\3. 운용기준 전문(개정후).hwp","C:\Users\sosoj\Documents\PNU-ChatBot\src\data\한국은행\3. 운용기준 전문(개정후).pdf","3. 운용기준 전문(개정후).hwp","3. 운용기준 전문(개정후).pdf","95744","a4da5367f42efae5226490bb5e4f87f76334363f1d415b63f0917592e14a977a"
"same_title_different_format","한국은행","C:\Users\sosoj\Documents\PNU-ChatBot\src\data\한국은행\[보도자료] 2026 대구·경북 지역경제세미나 개최.hwp","C:\Users\sosoj\Documents\PNU-ChatBot\src\data\한국은행\[보도자료] 2026 대구·경북 지역경제세미나 개최.pdf","[보도자료] 2026 대구·경북 지역경제세미나 개최.hwp","[보도자료] 2026 대구·경북 지역경제세미나 개최.pdf","843264","da29a784eaba4738b3b391f0467168868bca5924569058e0e65ccd0d78138c8c"
"same_title_different_format","한국은행","C:\Users\sosoj\Documents\PNU-ChatBot\src\data\한국은행\[보도자료] 2026년 4월 중 강원지역 금융기관 여수신 동향.hwp","C:\Users\sosoj\Documents\PNU-ChatBot\src\data\한국은행\[보도자료] 2026년 4월 중 강원지역 금융기관 여수신 동향.pdf","[보도자료] 2026년 4월 중 강원지역 금융기관 여수신 동향.hwp","[보도자료] 2026년 4월 중 강원지역 금융기관 여수신 동향.pdf","1972224","7a560952368c48bac7e4459cb53d7db03ee06ff59385d782df96404a79a03bc0"
"same_title_different_format","한국은행","C:\Users\sosoj\Documents\PNU-ChatBot\src\data\한국은행\[보도자료] 2026년 4월중 경남지역 실물경제 동향(202606)_f.hwp","C:\Users\sosoj\Documents\PNU-ChatBot\src\data\한국은행\[보도자료] 2026년 4월중 경남지역 실물경제 동향(202606)_f.pdf","[보도자료] 2026년 4월중 경남지역 실물경제 동향(202606)_f.hwp","[보도자료] 2026년 4월중 경남지역 실물경제 동향(202606)_f.pdf","562688","f75532ae84c3328903ef19aba5b234181521958d94bbcee2cd6a3f5a9fbb8601"
"same_title_different_format","한국은행","C:\Users\sosoj\Documents\PNU-ChatBot\src\data\한국은행\[보도자료] 2026년 4월중 부산지역 금융기관 여수신 동향_F.hwp","C:\Users\sosoj\Documents\PNU-ChatBot\src\data\한국은행\[보도자료] 2026년 4월중 부산지역 금융기관 여수신 동향_F.pdf","[보도자료] 2026년 4월중 부산지역 금융기관 여수신 동향_F.hwp","[보도자료] 2026년 4월중 부산지역 금융기관 여수신 동향_F.pdf","1314816","ee992d06c88d0195e9aab0662947d7724bd6f4ebf53e3b452bc7b64ff01f2e14"
"same_title_different_format","한국은행","C:\Users\sosoj\Documents\PNU-ChatBot\src\data\한국은행\[보도자료] 2026년 4월중 인천지역 금융기관 여수신 동향.hwp","C:\Users\sosoj\Documents\PNU-ChatBot\src\data\한국은행\[보도자료] 2026년 4월중 인천지역 금융기관 여수신 동향.pdf","[보도자료] 2026년 4월중 인천지역 금융기관 여수신 동향.hwp","[보도자료] 2026년 4월중 인천지역 금융기관 여수신 동향.pdf","701440","a004dd0e0e696c48419f7d11b74a0f9ae9d38cfee7bd9e29d91e73719d187d61"
"same_title_different_format","한국은행","C:\Users\sosoj\Documents\PNU-ChatBot\src\data\한국은행\[보도자료] 2026년 5월 금융기관 가중평균금리.hwp","C:\Users\sosoj\Documents\PNU-ChatBot\src\data\한국은행\[보도자료] 2026년 5월 금융기관 가중평균금리.pdf","[보도자료] 2026년 5월 금융기관 가중평균금리.hwp","[보도자료] 2026년 5월 금융기관 가중평균금리.pdf","872960","498eedf01f7e6bb351c3aeb567cdd2550ba72025b9d3bb77ba184ffd1064ef03"
"same_title_different_format","한국은행","C:\Users\sosoj\Documents\PNU-ChatBot\src\data\한국은행\[보도자료] 2026년 5월 금융시장 동향_금융시장국.hwp","C:\Users\sosoj\Documents\PNU-ChatBot\src\data\한국은행\[보도자료] 2026년 5월 금융시장 동향_금융시장국.pdf","[보도자료] 2026년 5월 금융시장 동향_금융시장국.hwp","[보도자료] 2026년 5월 금융시장 동향_금융시장국.pdf","237568","0ba49372285fe6de82d217416b5edd8c8f3399a017fed861e061220df21ee9b0"
"same_title_different_format","한국은행","C:\Users\sosoj\Documents\PNU-ChatBot\src\data\한국은행\[보도자료] 2026년 5월 전남 서남부지역 기업경기조사 결과.hwp","C:\Users\sosoj\Documents\PNU-ChatBot\src\data\한국은행\[보도자료] 2026년 5월 전남 서남부지역 기업경기조사 결과.pdf","[보도자료] 2026년 5월 전남 서남부지역 기업경기조사 결과.hwp","[보도자료] 2026년 5월 전남 서남부지역 기업경기조사 결과.pdf","241664","c185efc049e3d5b6a61311fd1c6140b597f6c855bda311e71f137e461943d4ad"
"same_title_different_format","한국은행","C:\Users\sosoj\Documents\PNU-ChatBot\src\data\한국은행\[보도자료] 2026년 6월 강원 영동지역 기업경기조사 결과_f.hwp","C:\Users\sosoj\Documents\PNU-ChatBot\src\data\한국은행\[보도자료] 2026년 6월 강원 영동지역 기업경기조사 결과_f.pdf","[보도자료] 2026년 6월 강원 영동지역 기업경기조사 결과_f.hwp","[보도자료] 2026년 6월 강원 영동지역 기업경기조사 결과_f.pdf","663040","095fa83ed5220795d317a0b576ad8dfec1857e75da01de9994a0777623b62808"
"same_title_different_format","한국은행","C:\Users\sosoj\Documents\PNU-ChatBot\src\data\한국은행\[보도자료] 2026년 6월 강원지역 기업경기조사 결과.hwp","C:\Users\sosoj\Documents\PNU-ChatBot\src\data\한국은행\[보도자료] 2026년 6월 강원지역 기업경기조사 결과.pdf","[보도자료] 2026년 6월 강원지역 기업경기조사 결과.hwp","[보도자료] 2026년 6월 강원지역 기업경기조사 결과.pdf","634880","d1db46622007fa031d9fc65edaa68440ca41ebd932e451e1d5676f666db8e2f9"
"same_title_different_format","한국은행","C:\Users\sosoj\Documents\PNU-ChatBot\src\data\한국은행\[보도자료] 2026년 6월 강원지역 소비자동향조사 결과.hwp","C:\Users\sosoj\Documents\PNU-ChatBot\src\data\한국은행\[보도자료] 2026년 6월 강원지역 소비자동향조사 결과.pdf","[보도자료] 2026년 6월 강원지역 소비자동향조사 결과.hwp","[보도자료] 2026년 6월 강원지역 소비자동향조사 결과.pdf","538112","81c0f43a9445a0e8ee7e7aec811c2e4b1c61f1eb2aea22e11fd9c7a7c5d561a1"
"same_title_different_format","한국은행","C:\Users\sosoj\Documents\PNU-ChatBot\src\data\한국은행\[보도자료] 2026년 6월 광주전남지역 기업경기조사 결과_F.hwp","C:\Users\sosoj\Documents\PNU-ChatBot\src\data\한국은행\[보도자료] 2026년 6월 광주전남지역 기업경기조사 결과_F.pdf","[보도자료] 2026년 6월 광주전남지역 기업경기조사 결과_F.hwp","[보도자료] 2026년 6월 광주전남지역 기업경기조사 결과_F.pdf","675328","03d41021357b2cb8a41273353a8ffb54293db2dad471abb70952f55100e25e97"
"same_title_different_format","한국은행","C:\Users\sosoj\Documents\PNU-ChatBot\src\data\한국은행\[보도자료] 2026년 6월 광주전남지역 소비자동향조사 결과.hwp","C:\Users\sosoj\Documents\PNU-ChatBot\src\data\한국은행\[보도자료] 2026년 6월 광주전남지역 소비자동향조사 결과.pdf","[보도자료] 2026년 6월 광주전남지역 소비자동향조사 결과.hwp","[보도자료] 2026년 6월 광주전남지역 소비자동향조사 결과.pdf","686080","80ce23e2231e430978c0940a81293e22755dd0613f1055e789ca324e0ebef7e8"
"same_title_different_format","한국은행","C:\Users\sosoj\Documents\PNU-ChatBot\src\data\한국은행\[보도자료] 2026년 6월 대구경북지역 기업경기조사 결과_F.hwp","C:\Users\sosoj\Documents\PNU-ChatBot\src\data\한국은행\[보도자료] 2026년 6월 대구경북지역 기업경기조사 결과_F.pdf","[보도자료] 2026년 6월 대구경북지역 기업경기조사 결과_F.hwp","[보도자료] 2026년 6월 대구경북지역 기업경기조사 결과_F.pdf","692736","11003d256034491e489b64eb0cebdae799c16b27d6c01b34bdf9a49f8d434077"
"same_title_different_format","한국은행","C:\Users\sosoj\Documents\PNU-ChatBot\src\data\한국은행\[보도자료] 2026년 6월 대전세종충남지역 기업경기조사 결과_f.hwp","C:\Users\sosoj\Documents\PNU-ChatBot\src\data\한국은행\[보도자료] 2026년 6월 대전세종충남지역 기업경기조사 결과_f.pdf","[보도자료] 2026년 6월 대전세종충남지역 기업경기조사 결과_f.hwp","[보도자료] 2026년 6월 대전세종충남지역 기업경기조사 결과_f.pdf","869376","2b6944169aa95f00c92fb46cd9669b9dde2944fcef45cb7fc226416f0fe0f2ae"
"same_title_different_format","한국은행","C:\Users\sosoj\Documents\PNU-ChatBot\src\data\한국은행\[보도자료] 2026년 6월 부산지역 소비자동향조사 결과.hwp","C:\Users\sosoj\Documents\PNU-ChatBot\src\data\한국은행\[보도자료] 2026년 6월 부산지역 소비자동향조사 결과.pdf","[보도자료] 2026년 6월 부산지역 소비자동향조사 결과.hwp","[보도자료] 2026년 6월 부산지역 소비자동향조사 결과.pdf","355328","0e6286a7abb242a6a0df734d4391973b9297068cea0385f87a0daa41233d7245"
"same_title_different_format","한국은행","C:\Users\sosoj\Documents\PNU-ChatBot\src\data\한국은행\[보도자료] 2026년 6월 인천지역 기업경기조사 결과.hwp","C:\Users\sosoj\Documents\PNU-ChatBot\src\data\한국은행\[보도자료] 2026년 6월 인천지역 기업경기조사 결과.pdf","[보도자료] 2026년 6월 인천지역 기업경기조사 결과.hwp","[보도자료] 2026년 6월 인천지역 기업경기조사 결과.pdf","1164800","88c34b3a3fd5e2001c6bcfac2b5b45aa66e511d8701c2ef26bf21d41a3f304c5"
"same_title_different_format","한국은행","C:\Users\sosoj\Documents\PNU-ChatBot\src\data\한국은행\[보도자료] 2026년 6월 전북지역 기업경기조사 결과_F.hwp","C:\Users\sosoj\Documents\PNU-ChatBot\src\data\한국은행\[보도자료] 2026년 6월 전북지역 기업경기조사 결과_F.pdf","[보도자료] 2026년 6월 전북지역 기업경기조사 결과_F.hwp","[보도자료] 2026년 6월 전북지역 기업경기조사 결과_F.pdf","410624","772b17c4ebe4cd7f0608e7c6de1d8d9665524d7b8d8a93d3f2756f27654b6514"
"same_title_different_format","한국은행","C:\Users\sosoj\Documents\PNU-ChatBot\src\data\한국은행\[보도자료] 2026년 6월 전북지역 소비자동향조사 결과.hwp","C:\Users\sosoj\Documents\PNU-ChatBot\src\data\한국은행\[보도자료] 2026년 6월 전북지역 소비자동향조사 결과.pdf","[보도자료] 2026년 6월 전북지역 소비자동향조사 결과.hwp","[보도자료] 2026년 6월 전북지역 소비자동향조사 결과.pdf","366592","7d04c31b369174d68be0910b726c2e7c639a5d13bfa6cd3dd64f509b0353aadf"
"same_title_different_format","한국은행","C:\Users\sosoj\Documents\PNU-ChatBot\src\data\한국은행\[보도자료] 2026년 6월 제주지역 기업경기조사 결과_f.hwp","C:\Users\sosoj\Documents\PNU-ChatBot\src\data\한국은행\[보도자료] 2026년 6월 제주지역 기업경기조사 결과_f.pdf","[보도자료] 2026년 6월 제주지역 기업경기조사 결과_f.hwp","[보도자료] 2026년 6월 제주지역 기업경기조사 결과_f.pdf","802816","bbf80e509369ba0161205ecb8d2e3075ee600605dd79497c9dad4aa045a262cf"
"same_title_different_format","한국은행","C:\Users\sosoj\Documents\PNU-ChatBot\src\data\한국은행\[보도자료] 2026년 6월 제주지역 소비자동향조사 결과.hwp","C:\Users\sosoj\Documents\PNU-ChatBot\src\data\한국은행\[보도자료] 2026년 6월 제주지역 소비자동향조사 결과.pdf","[보도자료] 2026년 6월 제주지역 소비자동향조사 결과.hwp","[보도자료] 2026년 6월 제주지역 소비자동향조사 결과.pdf","596992","945e31ea75a73ccfb1340c34991368c805706a373dbb715f402ce74beedcdf60"
"same_title_different_format","한국은행","C:\Users\sosoj\Documents\PNU-ChatBot\src\data\한국은행\[보도자료] 2026년 6월 충북지역 기업경기조사 결과_F.hwp","C:\Users\sosoj\Documents\PNU-ChatBot\src\data\한국은행\[보도자료] 2026년 6월 충북지역 기업경기조사 결과_F.pdf","[보도자료] 2026년 6월 충북지역 기업경기조사 결과_F.hwp","[보도자료] 2026년 6월 충북지역 기업경기조사 결과_F.pdf","653312","13a6cbe8a48da9a67b5062c721aadcb217487b37896a989d065eb4bddea29ff7"
"same_title_different_format","한국은행","C:\Users\sosoj\Documents\PNU-ChatBot\src\data\한국은행\[보도자료] AI 역량과 지역 경제성장_대전세종충남을 중심으로.hwp","C:\Users\sosoj\Documents\PNU-ChatBot\src\data\한국은행\[보도자료] AI 역량과 지역 경제성장_대전세종충남을 중심으로.pdf","[보도자료] AI 역량과 지역 경제성장_대전세종충남을 중심으로.hwp","[보도자료] AI 역량과 지역 경제성장_대전세종충남을 중심으로.pdf","993280","ab92e92f23b8d0f23a11ea328f1f2fb5e175e009691d0e0d5a9d3eaf6fa808fc"
"same_title_different_format","한국은행","C:\Users\sosoj\Documents\PNU-ChatBot\src\data\한국은행\[보도자료] CBDC 모의시스템 금융기관 연계 실험 결과_FF.hwp","C:\Users\sosoj\Documents\PNU-ChatBot\src\data\한국은행\[보도자료] CBDC 모의시스템 금융기관 연계 실험 결과_FF.pdf","[보도자료] CBDC 모의시스템 금융기관 연계 실험 결과_FF.hwp","[보도자료] CBDC 모의시스템 금융기관 연계 실험 결과_FF.pdf","677888","e29102faa081c11f70082bfe2327109a97df0f114af50da7b9cc1384e0d5b90b"
"same_title_different_format","한국은행","C:\Users\sosoj\Documents\PNU-ChatBot\src\data\한국은행\[보도자료] CBDC 모의실험 연구사업 1단계 결과 및 향후 계획.hwp","C:\Users\sosoj\Documents\PNU-ChatBot\src\data\한국은행\[보도자료] CBDC 모의실험 연구사업 1단계 결과 및 향후 계획.pdf","[보도자료] CBDC 모의실험 연구사업 1단계 결과 및 향후 계획.hwp","[보도자료] CBDC 모의실험 연구사업 1단계 결과 및 향후 계획.pdf","917504","54d510b143d11e3b3f1b1b5c20ce81aa56395700009118873c52a3240eba6fd7"
"same_title_different_format","한국은행","C:\Users\sosoj\Documents\PNU-ChatBot\src\data\한국은행\[보도자료] CBDC 모의실험 연구사업 2단계 결과 및 향후 계획_F.hwp","C:\Users\sosoj\Documents\PNU-ChatBot\src\data\한국은행\[보도자료] CBDC 모의실험 연구사업 2단계 결과 및 향후 계획_F.pdf","[보도자료] CBDC 모의실험 연구사업 2단계 결과 및 향후 계획_F.hwp","[보도자료] CBDC 모의실험 연구사업 2단계 결과 및 향후 계획_F.pdf","2555904","ea86550917c27cb50702a7844356636a92cf2cfdc385b42bd46c505bd12200eb"
"same_title_different_format","한국은행","C:\Users\sosoj\Documents\PNU-ChatBot\src\data\한국은행\[보도자료] 「프로젝트 한강」 2단계 본격 추진_f.hwp","C:\Users\sosoj\Documents\PNU-ChatBot\src\data\한국은행\[보도자료] 「프로젝트 한강」 2단계 본격 추진_f.pdf","[보도자료] 「프로젝트 한강」 2단계 본격 추진_f.hwp","[보도자료] 「프로젝트 한강」 2단계 본격 추진_f.pdf","91136","5f1f82aee3c4cd95efc904ab35eb0f21383b038e2019e840255a5d633831d0b5"
"same_title_different_format","한국은행","C:\Users\sosoj\Documents\PNU-ChatBot\src\data\한국은행\[보도자료] 신현송 한국은행 총재-박홍근 기획예산처 장관 회동 결과_f.hwp","C:\Users\sosoj\Documents\PNU-ChatBot\src\data\한국은행\[보도자료] 신현송 한국은행 총재-박홍근 기획예산처 장관 회동 결과_f.pdf","[보도자료] 신현송 한국은행 총재-박홍근 기획예산처 장관 회동 결과_f.hwp","[보도자료] 신현송 한국은행 총재-박홍근 기획예산처 장관 회동 결과_f.pdf","117760","95616ed4b8250f5521ec7666ec45ed08ffdc757c508dcf313a8e42c392de3c58"
"same_title_different_format","한국은행","C:\Users\sosoj\Documents\PNU-ChatBot\src\data\한국은행\[보도자료] 한국은행 강릉본부 「2026 지역균형발전 세미나」개최_F.hwp","C:\Users\sosoj\Documents\PNU-ChatBot\src\data\한국은행\[보도자료] 한국은행 강릉본부 「2026 지역균형발전 세미나」개최_F.pdf","[보도자료] 한국은행 강릉본부 「2026 지역균형발전 세미나」개최_F.hwp","[보도자료] 한국은행 강릉본부 「2026 지역균형발전 세미나」개최_F.pdf","149504","fa7b7313e0ef7319cf2cc6087f57991c8a6456544a35560fbd4a46486d7dffd7"
"same_title_different_format","한국은행","C:\Users\sosoj\Documents\PNU-ChatBot\src\data\한국은행\[보도자료] 한국은행 광주전남본부·목포본부, 2026년 상반기 지역경제세미나 주요 내용_ff.hwp","C:\Users\sosoj\Documents\PNU-ChatBot\src\data\한국은행\[보도자료] 한국은행 광주전남본부·목포본부, 2026년 상반기 지역경제세미나 주요 내용_ff.pdf","[보도자료] 한국은행 광주전남본부·목포본부, 2026년 상반기 지역경제세미나 주요 내용_ff.hwp","[보도자료] 한국은행 광주전남본부·목포본부, 2026년 상반기 지역경제세미나 주요 내용_ff.pdf","179712","110951fc89b9864e595a65d24f5328707ec270f102d8b19edfff7e690dedc259"
"same_title_different_format","한국은행","C:\Users\sosoj\Documents\PNU-ChatBot\src\data\한국은행\[보도자료] 한국은행 포항본부, 대구·경북지방중소벤처기업청과 업무협약(MOU) 체결_FF.hwp","C:\Users\sosoj\Documents\PNU-ChatBot\src\data\한국은행\[보도자료] 한국은행 포항본부, 대구·경북지방중소벤처기업청과 업무협약(MOU) 체결_FF.pdf","[보도자료] 한국은행 포항본부, 대구·경북지방중소벤처기업청과 업무협약(MOU) 체결_FF.hwp","[보도자료] 한국은행 포항본부, 대구·경북지방중소벤처기업청과 업무협약(MOU) 체결_FF.pdf","2221568","704269a006b04c7d7b5c46b541171329426d956cd0c94f9af008bc3cc847763a"
"same_title_different_format","한국은행","C:\Users\sosoj\Documents\PNU-ChatBot\src\data\한국은행\[보도자료] 한국은행, BIS 등과 공동 수행한 프로젝트 아고라 플랫폼(프로토타입) 구축 및 실거래 테스트 참여.hwp","C:\Users\sosoj\Documents\PNU-ChatBot\src\data\한국은행\[보도자료] 한국은행, BIS 등과 공동 수행한 프로젝트 아고라 플랫폼(프로토타입) 구축 및 실거래 테스트 참여.pdf","[보도자료] 한국은행, BIS 등과 공동 수행한 프로젝트 아고라 플랫폼(프로토타입) 구축 및 실거래 테스트 참여.hwp","[보도자료] 한국은행, BIS 등과 공동 수행한 프로젝트 아고라 플랫폼(프로토타입) 구축 및 실거래 테스트 참여.pdf","285184","8ad3e1dd088a5d2580ec9f86a5e2e4d790f7ed3628b389425db17ea84f9fe7ee"
"same_title_different_format","한국은행","C:\Users\sosoj\Documents\PNU-ChatBot\src\data\한국은행\[보도자료]2026년 6월 경남지역 기업경기조사결과_f.hwp","C:\Users\sosoj\Documents\PNU-ChatBot\src\data\한국은행\[보도자료]2026년 6월 경남지역 기업경기조사결과_f.pdf","[보도자료]2026년 6월 경남지역 기업경기조사결과_f.hwp","[보도자료]2026년 6월 경남지역 기업경기조사결과_f.pdf","680448","fba104ca01d373500d9d984b9fdcd08ecabab3b0c8508bf4de979a0e6e26e390"
"same_title_different_format","한국은행","C:\Users\sosoj\Documents\PNU-ChatBot\src\data\한국은행\[보도자료]2026년 6월 부산지역 기업경기조사 결과_F.hwp","C:\Users\sosoj\Documents\PNU-ChatBot\src\data\한국은행\[보도자료]2026년 6월 부산지역 기업경기조사 결과_F.pdf","[보도자료]2026년 6월 부산지역 기업경기조사 결과_F.hwp","[보도자료]2026년 6월 부산지역 기업경기조사 결과_F.pdf","1776640","3be99fb66cfb5c9d0fe48eaee4add4a281bf739ef933c1ccaa43284fec2cc35e"
"same_title_different_format","한국은행","C:\Users\sosoj\Documents\PNU-ChatBot\src\data\한국은행\[보도참고자료] 외화예금 초과지급준비금에 대한 이자지급 연장_FF.hwp","C:\Users\sosoj\Documents\PNU-ChatBot\src\data\한국은행\[보도참고자료] 외화예금 초과지급준비금에 대한 이자지급 연장_FF.pdf","[보도참고자료] 외화예금 초과지급준비금에 대한 이자지급 연장_FF.hwp","[보도참고자료] 외화예금 초과지급준비금에 대한 이자지급 연장_FF.pdf","94208","15ca48e482e2ceba9e61e3b2aeec51985002a493098d5aa726d099a511900a64"
"same_title_different_format","한국은행","C:\Users\sosoj\Documents\PNU-ChatBot\src\data\한국은행\[조사연구] 유가 및 환율 상승이 충남 지역산업에 미치는 영향.hwp","C:\Users\sosoj\Documents\PNU-ChatBot\src\data\한국은행\[조사연구] 유가 및 환율 상승이 충남 지역산업에 미치는 영향.pdf","[조사연구] 유가 및 환율 상승이 충남 지역산업에 미치는 영향.hwp","[조사연구] 유가 및 환율 상승이 충남 지역산업에 미치는 영향.pdf","595968","666634226d0d92ea777e81cecc35b5119a69c3a9006a2684850c3bb35a7bdf4a"
"same_title_different_format","한국은행","C:\Users\sosoj\Documents\PNU-ChatBot\src\data\한국은행\[조사연구] 중동사태가 부산 지역경제에 미치는 영향 및 시사점.hwp","C:\Users\sosoj\Documents\PNU-ChatBot\src\data\한국은행\[조사연구] 중동사태가 부산 지역경제에 미치는 영향 및 시사점.pdf","[조사연구] 중동사태가 부산 지역경제에 미치는 영향 및 시사점.hwp","[조사연구] 중동사태가 부산 지역경제에 미치는 영향 및 시사점.pdf","2535936","b19cf028313964fe1747e6b2281e0f2a8cf889d3d66d920d3b9b3c15629848dc"
"same_title_different_format","한국은행","C:\Users\sosoj\Documents\PNU-ChatBot\src\data\한국은행\「2026 한은 경제 마스터즈」 참가지원서.hwp","C:\Users\sosoj\Documents\PNU-ChatBot\src\data\한국은행\「2026 한은 경제 마스터즈」 참가지원서.pdf","「2026 한은 경제 마스터즈」 참가지원서.hwp","「2026 한은 경제 마스터즈」 참가지원서.pdf","69120","3a3c8a7047a43784b3664cdd7f1282cd78d6bc6337b165a05ff92389d372eca9"
"same_title_different_format","한국은행","C:\Users\sosoj\Documents\PNU-ChatBot\src\data\한국은행\「포항본부 지방중소기업지원 프로그램 운용기준」 전문_F.hwp","C:\Users\sosoj\Documents\PNU-ChatBot\src\data\한국은행\「포항본부 지방중소기업지원 프로그램 운용기준」 전문_F.pdf","「포항본부 지방중소기업지원 프로그램 운용기준」 전문_F.hwp","「포항본부 지방중소기업지원 프로그램 운용기준」 전문_F.pdf","115712","305b7cf71a65a9e952d22a64ed712e5408c73a7077d51e1afc885a4b461d1224"
"same_title_different_format","한국은행","C:\Users\sosoj\Documents\PNU-ChatBot\src\data\한국은행\「한국은행 경남본부 지방중소기업지원 프로그램 운용기준」 개정 신구조문대비표.hwp","C:\Users\sosoj\Documents\PNU-ChatBot\src\data\한국은행\「한국은행 경남본부 지방중소기업지원 프로그램 운용기준」 개정 신구조문대비표.pdf","「한국은행 경남본부 지방중소기업지원 프로그램 운용기준」 개정 신구조문대비표.hwp","「한국은행 경남본부 지방중소기업지원 프로그램 운용기준」 개정 신구조문대비표.pdf","120832","130fe8807e9d5ac450614e5137dead027b9e09c33c091d3f820d5512b9a42df7"
"same_title_different_format","한국은행","C:\Users\sosoj\Documents\PNU-ChatBot\src\data\한국은행\「한국은행 경남본부 지방중소기업지원 프로그램 운용기준」 개정.hwp","C:\Users\sosoj\Documents\PNU-ChatBot\src\data\한국은행\「한국은행 경남본부 지방중소기업지원 프로그램 운용기준」 개정.pdf","「한국은행 경남본부 지방중소기업지원 프로그램 운용기준」 개정.hwp","「한국은행 경남본부 지방중소기업지원 프로그램 운용기준」 개정.pdf","45568","cf5b8c79485a1079ae359626bb3eb9239f6a04a82e9e96abd7bed3d327b0ec8b"
"same_title_different_format","한국은행","C:\Users\sosoj\Documents\PNU-ChatBot\src\data\한국은행\「한국은행 경남본부 지방중소기업지원 프로그램 운용기준」 전문.hwp","C:\Users\sosoj\Documents\PNU-ChatBot\src\data\한국은행\「한국은행 경남본부 지방중소기업지원 프로그램 운용기준」 전문.pdf","「한국은행 경남본부 지방중소기업지원 프로그램 운용기준」 전문.hwp","「한국은행 경남본부 지방중소기업지원 프로그램 운용기준」 전문.pdf","159232","98f165687bf044f8a79bfc906c35067144645383f7dc2239a1beed6f77ec14e6"
"same_title_different_format","한국은행","C:\Users\sosoj\Documents\PNU-ChatBot\src\data\한국은행\「한국은행 광주전남본부 지방중소기업지원 프로그램 운용기준」 신구조문 대비표.hwp","C:\Users\sosoj\Documents\PNU-ChatBot\src\data\한국은행\「한국은행 광주전남본부 지방중소기업지원 프로그램 운용기준」 신구조문 대비표.pdf","「한국은행 광주전남본부 지방중소기업지원 프로그램 운용기준」 신구조문 대비표.hwp","「한국은행 광주전남본부 지방중소기업지원 프로그램 운용기준」 신구조문 대비표.pdf","36864","a55e82d5a147531eb073f629024a2731330c2d0ecaaa58a04f6649318d97b123"
"same_title_different_format","한국은행","C:\Users\sosoj\Documents\PNU-ChatBot\src\data\한국은행\「한국은행 광주전남본부 지방중소기업지원 프로그램 운용기준」 전문.hwp","C:\Users\sosoj\Documents\PNU-ChatBot\src\data\한국은행\「한국은행 광주전남본부 지방중소기업지원 프로그램 운용기준」 전문.pdf","「한국은행 광주전남본부 지방중소기업지원 프로그램 운용기준」 전문.hwp","「한국은행 광주전남본부 지방중소기업지원 프로그램 운용기준」 전문.pdf","83968","f3c1bba49b7d8c3edf4e54663bbcffe6718355b0544f3a7f273dbe97a8716942"
"same_title_different_format","한국은행","C:\Users\sosoj\Documents\PNU-ChatBot\src\data\한국은행\「한국은행 대전충남본부 중소기업 지원자금 운용기준」 개정 내용.hwp","C:\Users\sosoj\Documents\PNU-ChatBot\src\data\한국은행\「한국은행 대전충남본부 중소기업 지원자금 운용기준」 개정 내용.pdf","「한국은행 대전충남본부 중소기업 지원자금 운용기준」 개정 내용.hwp","「한국은행 대전충남본부 중소기업 지원자금 운용기준」 개정 내용.pdf","37888","fa712e5c5cc390f80717cc6fd0b1ff2857aba88be05992ab03068fb619c0a85e"
"same_title_different_format","한국은행","C:\Users\sosoj\Documents\PNU-ChatBot\src\data\한국은행\「한국은행 대전충남본부 중소기업 지원자금 운용기준」.hwp","C:\Users\sosoj\Documents\PNU-ChatBot\src\data\한국은행\「한국은행 대전충남본부 중소기업 지원자금 운용기준」.pdf","「한국은행 대전충남본부 중소기업 지원자금 운용기준」.hwp","「한국은행 대전충남본부 중소기업 지원자금 운용기준」.pdf","220672","08fd69fe8e5a8289eee3ace1a47c26f88515f9d7cecf967ce3183f9ec32c3936"
"same_title_different_format","한국은행","C:\Users\sosoj\Documents\PNU-ChatBot\src\data\한국은행\「한국은행 전북본부 지방중소기업지원 프로그램 운용기준」 신구조문대비표.hwp","C:\Users\sosoj\Documents\PNU-ChatBot\src\data\한국은행\「한국은행 전북본부 지방중소기업지원 프로그램 운용기준」 신구조문대비표.pdf","「한국은행 전북본부 지방중소기업지원 프로그램 운용기준」 신구조문대비표.hwp","「한국은행 전북본부 지방중소기업지원 프로그램 운용기준」 신구조문대비표.pdf","59904","c48b4c5a61963e0f85dd9c4a7e4ef0e4cac597c8f6144d273c2b6eddd1b48f7e"
"same_title_different_format","한국은행","C:\Users\sosoj\Documents\PNU-ChatBot\src\data\한국은행\「한국은행 전북본부 지방중소기업지원 프로그램 운용기준」 전문.hwp","C:\Users\sosoj\Documents\PNU-ChatBot\src\data\한국은행\「한국은행 전북본부 지방중소기업지원 프로그램 운용기준」 전문.pdf","「한국은행 전북본부 지방중소기업지원 프로그램 운용기준」 전문.hwp","「한국은행 전북본부 지방중소기업지원 프로그램 운용기준」 전문.pdf","79360","5cde81cb43979ceed614135a0f6fb8464280f912ecd509f80e7c8e7512e0fe96"
"same_title_different_format","한국은행","C:\Users\sosoj\Documents\PNU-ChatBot\src\data\한국은행\「한국은행 전북본부 지방중소기업지원 프로그램 운용기준」 전문_개정후.hwp","C:\Users\sosoj\Documents\PNU-ChatBot\src\data\한국은행\「한국은행 전북본부 지방중소기업지원 프로그램 운용기준」 전문_개정후.pdf","「한국은행 전북본부 지방중소기업지원 프로그램 운용기준」 전문_개정후.hwp","「한국은행 전북본부 지방중소기업지원 프로그램 운용기준」 전문_개정후.pdf","79872","5fe71329807fb9546b8040eb6a06c9b91fd4f4ce3b90aa8ff5871483208026fb"
"same_title_different_format","한국은행","C:\Users\sosoj\Documents\PNU-ChatBot\src\data\한국은행\강원영동 경제일지_26.5월호.hwp","C:\Users\sosoj\Documents\PNU-ChatBot\src\data\한국은행\강원영동 경제일지_26.5월호.pdf","강원영동 경제일지_26.5월호.hwp","강원영동 경제일지_26.5월호.pdf","28160","920cef347d0961b498586be6e139a0e109807adc8d78b93f819574cc8db6d71d"
"same_title_different_format","한국은행","C:\Users\sosoj\Documents\PNU-ChatBot\src\data\한국은행\개인정보 수집 이용 안내 및 동의서, 참가신청서.hwp","C:\Users\sosoj\Documents\PNU-ChatBot\src\data\한국은행\개인정보 수집 이용 안내 및 동의서, 참가신청서.pdf","개인정보 수집 이용 안내 및 동의서, 참가신청서.hwp","개인정보 수집 이용 안내 및 동의서, 참가신청서.pdf","65024","c4d5e69ee437aad6856977df95ceeed19ade0a951872148a8f2dc08ff0edc441"
"same_title_different_format","한국은행","C:\Users\sosoj\Documents\PNU-ChatBot\src\data\한국은행\개정운용기준 전문(201612.29).hwp","C:\Users\sosoj\Documents\PNU-ChatBot\src\data\한국은행\개정운용기준 전문(201612.29).pdf","개정운용기준 전문(201612.29).hwp","개정운용기준 전문(201612.29).pdf","68096","dba731455c321e168d00f3ba7ce4f35d4c788a51c2938b7e46740f547b6d5225"
"same_title_different_format","한국은행","C:\Users\sosoj\Documents\PNU-ChatBot\src\data\한국은행\개정운용기준 전문.hwp","C:\Users\sosoj\Documents\PNU-ChatBot\src\data\한국은행\개정운용기준 전문.pdf","개정운용기준 전문.hwp","개정운용기준 전문.pdf","56832","9c55c941e1200d24045b2935f3a4a8ec480e6ea5d3a92bb3822aaa09e9c0bbb5"
"same_title_different_format","한국은행","C:\Users\sosoj\Documents\PNU-ChatBot\src\data\한국은행\경북동해안지역경제동향(2026년4월).hwp","C:\Users\sosoj\Documents\PNU-ChatBot\src\data\한국은행\경북동해안지역경제동향(2026년4월).pdf","경북동해안지역경제동향(2026년4월).hwp","경북동해안지역경제동향(2026년4월).pdf","1618432","58314caace3a02fcdc601ce1c5af127c779906b8ff4927dfdd3efbd65ea7b140"
"same_title_different_format","한국은행","C:\Users\sosoj\Documents\PNU-ChatBot\src\data\한국은행\국문보도자료(2601).hwp","C:\Users\sosoj\Documents\PNU-ChatBot\src\data\한국은행\국문보도자료(2601).pdf","국문보도자료(2601).hwp","국문보도자료(2601).pdf","82944","4c04dbf9a969f8b8c9480c77ef5f1169d379ef74dabd83b259d58e08bf482fce"
"same_title_different_format","한국은행","C:\Users\sosoj\Documents\PNU-ChatBot\src\data\한국은행\국문보도자료(2602).hwp","C:\Users\sosoj\Documents\PNU-ChatBot\src\data\한국은행\국문보도자료(2602).pdf","국문보도자료(2602).hwp","국문보도자료(2602).pdf","133120","7c372f04aafc8da83f7ca1cab0ac73734e493afb8d01f547d3bdb0c072ed2045"
"same_title_different_format","한국은행","C:\Users\sosoj\Documents\PNU-ChatBot\src\data\한국은행\국문보도자료(2604).hwp","C:\Users\sosoj\Documents\PNU-ChatBot\src\data\한국은행\국문보도자료(2604).pdf","국문보도자료(2604).hwp","국문보도자료(2604).pdf","123904","e30ed8e6e2e164a92adea04973dd0e51af90cf9584367815ee147315d245cb07"
"same_title_different_format","한국은행","C:\Users\sosoj\Documents\PNU-ChatBot\src\data\한국은행\국문보도자료(2605).hwp","C:\Users\sosoj\Documents\PNU-ChatBot\src\data\한국은행\국문보도자료(2605).pdf","국문보도자료(2605).hwp","국문보도자료(2605).pdf","221184","60689dd5a1abe064b512ec48c5ef05c610facc2bf1c4c0cb2c4db9055232db42"
"same_title_different_format","한국은행","C:\Users\sosoj\Documents\PNU-ChatBot\src\data\한국은행\기업경기조사표(6월).hwp","C:\Users\sosoj\Documents\PNU-ChatBot\src\data\한국은행\기업경기조사표(6월).pdf","기업경기조사표(6월).hwp","기업경기조사표(6월).pdf","300544","74c51d949552ce01d5ee34df754b06d146848291680a88fb95d48826d3edbcc5"
"same_title_different_format","한국은행","C:\Users\sosoj\Documents\PNU-ChatBot\src\data\한국은행\기업경기조사표(7월).hwp","C:\Users\sosoj\Documents\PNU-ChatBot\src\data\한국은행\기업경기조사표(7월).pdf","기업경기조사표(7월).hwp","기업경기조사표(7월).pdf","296448","7ae5a17468b7e69c92967d35975b5cfb902ef582d77112d13fdba9d4aba05fef"
"same_title_different_format","한국은행","C:\Users\sosoj\Documents\PNU-ChatBot\src\data\한국은행\기업경기조사표_2607.hwp","C:\Users\sosoj\Documents\PNU-ChatBot\src\data\한국은행\기업경기조사표_2607.pdf","기업경기조사표_2607.hwp","기업경기조사표_2607.pdf","291840","5bab5341b167bf1911b165410408bc3019c19007a3663a1ca3fb90fd1763fef3"
"same_title_different_format","한국은행","C:\Users\sosoj\Documents\PNU-ChatBot\src\data\한국은행\대전·세종·충남지역 경제동향(26년5월호)_f.hwp","C:\Users\sosoj\Documents\PNU-ChatBot\src\data\한국은행\대전·세종·충남지역 경제동향(26년5월호)_f.pdf","대전·세종·충남지역 경제동향(26년5월호)_f.hwp","대전·세종·충남지역 경제동향(26년5월호)_f.pdf","850944","871016e8a06a6b62f029302448a4797813ded9858b69cebd108b16ab3646aacd"
"same_title_different_format","한국은행","C:\Users\sosoj\Documents\PNU-ChatBot\src\data\한국은행\디지털화폐 테스트(프로젝트 한강) 일반 이용자 실거래 실시 계획 및 이용자 모집 안내.hwp","C:\Users\sosoj\Documents\PNU-ChatBot\src\data\한국은행\디지털화폐 테스트(프로젝트 한강) 일반 이용자 실거래 실시 계획 및 이용자 모집 안내.pdf","디지털화폐 테스트(프로젝트 한강) 일반 이용자 실거래 실시 계획 및 이용자 모집 안내.hwp","디지털화폐 테스트(프로젝트 한강) 일반 이용자 실거래 실시 계획 및 이용자 모집 안내.pdf","629760","179292aebba13a57f37c9b927c283df6bb6a1a10d657ac75fb5562cb4e17960e"
"same_title_different_format","한국은행","C:\Users\sosoj\Documents\PNU-ChatBot\src\data\한국은행\발행공고(국고20년).hwp","C:\Users\sosoj\Documents\PNU-ChatBot\src\data\한국은행\발행공고(국고20년).pdf","발행공고(국고20년).hwp","발행공고(국고20년).pdf","55296","a7081047bfcf898a66a9a2c53d90d976a82ac158c95aae2ac138f30991204b69"
"same_title_different_format","한국은행","C:\Users\sosoj\Documents\PNU-ChatBot\src\data\한국은행\발행공고(국고2년).hwp","C:\Users\sosoj\Documents\PNU-ChatBot\src\data\한국은행\발행공고(국고2년).pdf","발행공고(국고2년).hwp","발행공고(국고2년).pdf","51200","422cd63d67afda462babd4490f00ba4fe08b56c505d9bde96ba78dfadc0bca37"
"same_title_different_format","한국은행","C:\Users\sosoj\Documents\PNU-ChatBot\src\data\한국은행\발행공고(국고30년).hwp","C:\Users\sosoj\Documents\PNU-ChatBot\src\data\한국은행\발행공고(국고30년).pdf","발행공고(국고30년).hwp","발행공고(국고30년).pdf","54784","52ba4b5b3dafca048ecb9e53f0907f7f92163cbd63e1b31479e39657feed07ab"
"same_title_different_format","한국은행","C:\Users\sosoj\Documents\PNU-ChatBot\src\data\한국은행\부산본부, 동남지방통계청과 2025년 동남권 통계 포럼 공동개최-홈페이지.hwp","C:\Users\sosoj\Documents\PNU-ChatBot\src\data\한국은행\부산본부, 동남지방통계청과 2025년 동남권 통계 포럼 공동개최-홈페이지.pdf","부산본부, 동남지방통계청과 2025년 동남권 통계 포럼 공동개최-홈페이지.hwp","부산본부, 동남지방통계청과 2025년 동남권 통계 포럼 공동개최-홈페이지.pdf","3580416","d00f2054a338b64108ffab3f3dea1c50ee281ee79bf1bc5e325fc3f53194f378"
"same_title_different_format","한국은행","C:\Users\sosoj\Documents\PNU-ChatBot\src\data\한국은행\소비자동향조사표(6월).hwp","C:\Users\sosoj\Documents\PNU-ChatBot\src\data\한국은행\소비자동향조사표(6월).pdf","소비자동향조사표(6월).hwp","소비자동향조사표(6월).pdf","115200","33f56c12de1879bf6ddd5b94a3941634c74a0e23484240812593d3810a301973"
"same_title_different_format","한국은행","C:\Users\sosoj\Documents\PNU-ChatBot\src\data\한국은행\소비자동향조사표(7월).hwp","C:\Users\sosoj\Documents\PNU-ChatBot\src\data\한국은행\소비자동향조사표(7월).pdf","소비자동향조사표(7월).hwp","소비자동향조사표(7월).pdf","114688","a00fc75d7546c377061d20c52510bd5adfe237256818a6cb6d67af9bf47ac19c"
"same_title_different_format","한국은행","C:\Users\sosoj\Documents\PNU-ChatBot\src\data\한국은행\소비자동향조사표_2607.hwp","C:\Users\sosoj\Documents\PNU-ChatBot\src\data\한국은행\소비자동향조사표_2607.pdf","소비자동향조사표_2607.hwp","소비자동향조사표_2607.pdf","194560","1d6c98a8aa05dddaea13a2bcf3fc85b087bb454bf81c1c18644522510350cdeb"
"same_title_different_format","한국은행","C:\Users\sosoj\Documents\PNU-ChatBot\src\data\한국은행\운용기준 개정 주요내용 안내.hwp","C:\Users\sosoj\Documents\PNU-ChatBot\src\data\한국은행\운용기준 개정 주요내용 안내.pdf","운용기준 개정 주요내용 안내.hwp","운용기준 개정 주요내용 안내.pdf","17920","c53577278d97b6f7ef9f7466bab2f85d7d90696b2cc755dd216d0e79ee59c107"
"same_title_different_format","한국은행","C:\Users\sosoj\Documents\PNU-ChatBot\src\data\한국은행\운용기준 전문(20170630).hwp","C:\Users\sosoj\Documents\PNU-ChatBot\src\data\한국은행\운용기준 전문(20170630).pdf","운용기준 전문(20170630).hwp","운용기준 전문(20170630).pdf","125440","0914f829351f30dec4d375a99e52fc88b17799b10e0de0162206fa1affe00dc7"
"same_title_different_format","한국은행","C:\Users\sosoj\Documents\PNU-ChatBot\src\data\한국은행\운용기준 전문_f_게시용.hwp","C:\Users\sosoj\Documents\PNU-ChatBot\src\data\한국은행\운용기준 전문_f_게시용.pdf","운용기준 전문_f_게시용.hwp","운용기준 전문_f_게시용.pdf","212992","21729aa6e683cd120a7b89ce1b3582da909b8b0a4b1353398d5ad2ce8b29ba45"
"same_title_different_format","한국은행","C:\Users\sosoj\Documents\PNU-ChatBot\src\data\한국은행\운용기준 전문_게시용.hwp","C:\Users\sosoj\Documents\PNU-ChatBot\src\data\한국은행\운용기준 전문_게시용.pdf","운용기준 전문_게시용.hwp","운용기준 전문_게시용.pdf","104960","39dedf168f30577019439a8041c6b0107df12d245fb0053d2752f7f5c0057573"
"same_title_different_format","한국은행","C:\Users\sosoj\Documents\PNU-ChatBot\src\data\한국은행\의안 제18호 - 통화정책방향(의결문).hwp","C:\Users\sosoj\Documents\PNU-ChatBot\src\data\한국은행\의안 제18호 - 통화정책방향(의결문).pdf","의안 제18호 - 통화정책방향(의결문).hwp","의안 제18호 - 통화정책방향(의결문).pdf","80384","92f2802edb38e6d7d4a006fbb5984208b98b0ce5e427ccc048aff81931097027"
"same_title_different_format","한국은행","C:\Users\sosoj\Documents\PNU-ChatBot\src\data\한국은행\전북본부 운용기준 개정안.hwp","C:\Users\sosoj\Documents\PNU-ChatBot\src\data\한국은행\전북본부 운용기준 개정안.pdf","전북본부 운용기준 개정안.hwp","전북본부 운용기준 개정안.pdf","99840","aa946086342cfcee234d2325d907c0632e0ad1c98aaeae11dc8faa7a946fcaa4"
"same_title_different_format","한국은행","C:\Users\sosoj\Documents\PNU-ChatBot\src\data\한국은행\전북본부 운용기준 전문(개정후).hwp","C:\Users\sosoj\Documents\PNU-ChatBot\src\data\한국은행\전북본부 운용기준 전문(개정후).pdf","전북본부 운용기준 전문(개정후).hwp","전북본부 운용기준 전문(개정후).pdf","190976","a7515c83abc521b0f4418008ca72445ae501148d89f8fc45515c591479db3df0"
"same_title_different_format","한국은행","C:\Users\sosoj\Documents\PNU-ChatBot\src\data\한국은행\전북본부 운용기준 전문(개정후)_001.hwp","C:\Users\sosoj\Documents\PNU-ChatBot\src\data\한국은행\전북본부 운용기준 전문(개정후)_001.pdf","전북본부 운용기준 전문(개정후)_001.hwp","전북본부 운용기준 전문(개정후)_001.pdf","96768","a2613db263c07a96494d062a97b5c570d309030c1cc5cbf69bab616350f823af"
"same_title_different_format","한국은행","C:\Users\sosoj\Documents\PNU-ChatBot\src\data\한국은행\전북본부_운용기준_개정안.hwp","C:\Users\sosoj\Documents\PNU-ChatBot\src\data\한국은행\전북본부_운용기준_개정안.pdf","전북본부_운용기준_개정안.hwp","전북본부_운용기준_개정안.pdf","52224","6440af4226bd2fd741154c5b019ef23cbece8d80ce1fda9f7505acfadedc4ee0"
"same_title_different_format","한국은행","C:\Users\sosoj\Documents\PNU-ChatBot\src\data\한국은행\전북본부_운용기준_전문(개정후).hwp","C:\Users\sosoj\Documents\PNU-ChatBot\src\data\한국은행\전북본부_운용기준_전문(개정후).pdf","전북본부_운용기준_전문(개정후).hwp","전북본부_운용기준_전문(개정후).pdf","98304","999afa261a08626815fb3aa1aecab29bcdb3d09707c0f9c574bbfa322b98c67e"
"same_title_different_format","한국은행","C:\Users\sosoj\Documents\PNU-ChatBot\src\data\한국은행\주요 개정내용.hwp","C:\Users\sosoj\Documents\PNU-ChatBot\src\data\한국은행\주요 개정내용.pdf","주요 개정내용.hwp","주요 개정내용.pdf","14848","6f7b80f28734f1667ac656e4d5e5747b54cccf2a28f5c9caf377b22006ac13cc"
"same_title_different_format","한국은행","C:\Users\sosoj\Documents\PNU-ChatBot\src\data\한국은행\주요개정내용(2016.12.29).hwp","C:\Users\sosoj\Documents\PNU-ChatBot\src\data\한국은행\주요개정내용(2016.12.29).pdf","주요개정내용(2016.12.29).hwp","주요개정내용(2016.12.29).pdf","23040","58908396f627810588eae4342c3f8791955b3dfb42d88566bfe26a165ed52015"
"same_title_different_format","한국은행","C:\Users\sosoj\Documents\PNU-ChatBot\src\data\한국은행\주요경제지표(금융 202604).pdf","C:\Users\sosoj\Documents\PNU-ChatBot\src\data\한국은행\주요경제지표(금융 202604).xlsx","주요경제지표(금융 202604).pdf","주요경제지표(금융 202604).xlsx","289950","2a2558108d0378690ca631b902cec781149654b99a07cd82bfedc095fe6096fd"
"same_title_different_format","한국은행","C:\Users\sosoj\Documents\PNU-ChatBot\src\data\한국은행\지방중소기업 지원 프로그램(C2) 운용기준 주요개정내용_f.hwp","C:\Users\sosoj\Documents\PNU-ChatBot\src\data\한국은행\지방중소기업 지원 프로그램(C2) 운용기준 주요개정내용_f.pdf","지방중소기업 지원 프로그램(C2) 운용기준 주요개정내용_f.hwp","지방중소기업 지원 프로그램(C2) 운용기준 주요개정내용_f.pdf","51200","1952443d94db4ac7fbfab66bb84333bfa6cffd0fd1b122adedd3adc174910e48"
"same_title_different_format","한국은행","C:\Users\sosoj\Documents\PNU-ChatBot\src\data\한국은행\참고자료(2601).hwp","C:\Users\sosoj\Documents\PNU-ChatBot\src\data\한국은행\참고자료(2601).pdf","참고자료(2601).hwp","참고자료(2601).pdf","116736","f9339ebc11286dbf7e695374483b3c3f278c389ac685b11b505fd34d86cbf702"
"same_title_different_format","한국은행","C:\Users\sosoj\Documents\PNU-ChatBot\src\data\한국은행\참고자료(2602).hwp","C:\Users\sosoj\Documents\PNU-ChatBot\src\data\한국은행\참고자료(2602).pdf","참고자료(2602).hwp","참고자료(2602).pdf","120832","6feb755be6f8e6a15b17da7a556530c151d41b47d74d440b209fb2a179369bfb"
"same_title_different_format","한국은행","C:\Users\sosoj\Documents\PNU-ChatBot\src\data\한국은행\참고자료(2604).hwp","C:\Users\sosoj\Documents\PNU-ChatBot\src\data\한국은행\참고자료(2604).pdf","참고자료(2604).hwp","참고자료(2604).pdf","121856","21714a6105d50abc597d3a5b48c8a4b5a62172bdb65494dcf3591de3a0857c95"
"same_title_different_format","한국은행","C:\Users\sosoj\Documents\PNU-ChatBot\src\data\한국은행\참고자료(2605).hwp","C:\Users\sosoj\Documents\PNU-ChatBot\src\data\한국은행\참고자료(2605).pdf","참고자료(2605).hwp","참고자료(2605).pdf","205824","bcc4a57fd3b28dc6b1ad122813e48d1d030cec36847293c618a3858a35ebe488"
"same_title_different_format","한국은행","C:\Users\sosoj\Documents\PNU-ChatBot\src\data\한국은행\최근 제주지역 실물경제 동향_2026.6_F.hwp","C:\Users\sosoj\Documents\PNU-ChatBot\src\data\한국은행\최근 제주지역 실물경제 동향_2026.6_F.pdf","최근 제주지역 실물경제 동향_2026.6_F.hwp","최근 제주지역 실물경제 동향_2026.6_F.pdf","129024","37e1b4efce4e3a0638bb1d88ac31e3ade8595fde8312cf9d24fe893481c111a0"
"same_title_different_format","한국은행","C:\Users\sosoj\Documents\PNU-ChatBot\src\data\한국은행\최근_전남_서남부지역_실물경제동향_F.hwp","C:\Users\sosoj\Documents\PNU-ChatBot\src\data\한국은행\최근_전남_서남부지역_실물경제동향_F.pdf","최근_전남_서남부지역_실물경제동향_F.hwp","최근_전남_서남부지역_실물경제동향_F.pdf","547328","894a9b2c4a636b470ba3d5bb5c8e547921d7478496cfce273dcec9e0db04f38e"
"same_title_different_format","한국은행","C:\Users\sosoj\Documents\PNU-ChatBot\src\data\한국은행\충북경제 플러스(+) 성장 전환 배경 및 지속 가능성.hwp","C:\Users\sosoj\Documents\PNU-ChatBot\src\data\한국은행\충북경제 플러스(+) 성장 전환 배경 및 지속 가능성.pdf","충북경제 플러스(+) 성장 전환 배경 및 지속 가능성.hwp","충북경제 플러스(+) 성장 전환 배경 및 지속 가능성.pdf","3861504","b643c3a9edc9e62797c740dbedde26b9bcb3f44e2a18823cf105bf49a2898372"
"same_title_different_format","한국은행","C:\Users\sosoj\Documents\PNU-ChatBot\src\data\한국은행\통계조사보조원 고용 안내_20251120.hwp","C:\Users\sosoj\Documents\PNU-ChatBot\src\data\한국은행\통계조사보조원 고용 안내_20251120.pdf","통계조사보조원 고용 안내_20251120.hwp","통계조사보조원 고용 안내_20251120.pdf","127488","8811753fb053885f85484483cd0251d4697976950bfb0b4e45efba7c5b8dede0"
"same_title_different_format","한국은행","C:\Users\sosoj\Documents\PNU-ChatBot\src\data\한국은행\통계조사보조원 지원서(개인정보 수집 및 이용 동의서 포함).hwp","C:\Users\sosoj\Documents\PNU-ChatBot\src\data\한국은행\통계조사보조원 지원서(개인정보 수집 및 이용 동의서 포함).pdf","통계조사보조원 지원서(개인정보 수집 및 이용 동의서 포함).hwp","통계조사보조원 지원서(개인정보 수집 및 이용 동의서 포함).pdf","102912","5734720e40a0e8783236e165d02f2d2d09490bcbacb7f4751f2c8a5fb705cdd6"
"same_title_different_format","한국은행","C:\Users\sosoj\Documents\PNU-ChatBot\src\data\한국은행\통계조사보조원 지원서(양식).hwp","C:\Users\sosoj\Documents\PNU-ChatBot\src\data\한국은행\통계조사보조원 지원서(양식).pdf","통계조사보조원 지원서(양식).hwp","통계조사보조원 지원서(양식).pdf","49664","d504bbbf1847c442e1bc68fab19d5eceda6fc17177d69f4a20323f23db7c9716"
"same_title_different_format","한국은행","C:\Users\sosoj\Documents\PNU-ChatBot\src\data\한국은행\통화정책방향 기자간담회 모두발언(2601).hwp","C:\Users\sosoj\Documents\PNU-ChatBot\src\data\한국은행\통화정책방향 기자간담회 모두발언(2601).pdf","통화정책방향 기자간담회 모두발언(2601).hwp","통화정책방향 기자간담회 모두발언(2601).pdf","68608","5d638af38f0ee4ea43e3a9355c0bc55ee922b6f7d5f1934d0d739e3d86209e5c"
"same_title_different_format","한국은행","C:\Users\sosoj\Documents\PNU-ChatBot\src\data\한국은행\통화정책방향 기자간담회 모두발언(2602).hwp","C:\Users\sosoj\Documents\PNU-ChatBot\src\data\한국은행\통화정책방향 기자간담회 모두발언(2602).pdf","통화정책방향 기자간담회 모두발언(2602).hwp","통화정책방향 기자간담회 모두발언(2602).pdf","68096","024647e62068f02017205eaeb34efcf153ec899d294cc914fc84a94198e9ac38"
"same_title_different_format","한국은행","C:\Users\sosoj\Documents\PNU-ChatBot\src\data\한국은행\통화정책방향 기자간담회 모두발언(2604).hwp","C:\Users\sosoj\Documents\PNU-ChatBot\src\data\한국은행\통화정책방향 기자간담회 모두발언(2604).pdf","통화정책방향 기자간담회 모두발언(2604).hwp","통화정책방향 기자간담회 모두발언(2604).pdf","70144","62ef4a4d454e8683a1eed17610af9139d59033a1e717bcc56128d389877ebfc3"
"same_title_different_format","한국은행","C:\Users\sosoj\Documents\PNU-ChatBot\src\data\한국은행\통화정책방향 기자간담회 모두발언(2605).hwp","C:\Users\sosoj\Documents\PNU-ChatBot\src\data\한국은행\통화정책방향 기자간담회 모두발언(2605).pdf","통화정책방향 기자간담회 모두발언(2605).hwp","통화정책방향 기자간담회 모두발언(2605).pdf","69120","62b41470f72a229a1fd924c45193eb677f8661a2188cfb9cfc937aed3d516a1a"
"same_title_different_format","한국은행","C:\Users\sosoj\Documents\PNU-ChatBot\src\data\한국은행\포항본부 운용기준 전문(2022.2)_배포용.hwp","C:\Users\sosoj\Documents\PNU-ChatBot\src\data\한국은행\포항본부 운용기준 전문(2022.2)_배포용.pdf","포항본부 운용기준 전문(2022.2)_배포용.hwp","포항본부 운용기준 전문(2022.2)_배포용.pdf","147456","5a50c464b88b41a8afe8599c46b0c734707f9feb015cf57231c1cd6d1cd21472"
"same_title_different_format","한국은행","C:\Users\sosoj\Documents\PNU-ChatBot\src\data\한국은행\포항본부 운용기준 전문(2023.3).hwp","C:\Users\sosoj\Documents\PNU-ChatBot\src\data\한국은행\포항본부 운용기준 전문(2023.3).pdf","포항본부 운용기준 전문(2023.3).hwp","포항본부 운용기준 전문(2023.3).pdf","97280","6cc8079db45aa708824350ad3402b2af06e246773a941b821f727c0291260df9"
"same_title_different_format","한국은행","C:\Users\sosoj\Documents\PNU-ChatBot\src\data\한국은행\포항본부 운용기준 전문(2023.8).hwp","C:\Users\sosoj\Documents\PNU-ChatBot\src\data\한국은행\포항본부 운용기준 전문(2023.8).pdf","포항본부 운용기준 전문(2023.8).hwp","포항본부 운용기준 전문(2023.8).pdf","133632","1687d468d1947e6b117df2604479d667a1332419211b7c12cc24a07810a6a3ad"
"same_title_different_format","한국은행","C:\Users\sosoj\Documents\PNU-ChatBot\src\data\한국은행\포항본부 운용기준 전문(2024.1).hwp","C:\Users\sosoj\Documents\PNU-ChatBot\src\data\한국은행\포항본부 운용기준 전문(2024.1).pdf","포항본부 운용기준 전문(2024.1).hwp","포항본부 운용기준 전문(2024.1).pdf","136704","7646414fbb6ddbd589211a4c408482f82609618231978b99dfe6e1ae18b3e736"
"same_title_different_format","한국은행","C:\Users\sosoj\Documents\PNU-ChatBot\src\data\한국은행\한국은행 광주전남본부 지방중소기업지원 프로그램 운용기준 신구조문 대비표.hwp","C:\Users\sosoj\Documents\PNU-ChatBot\src\data\한국은행\한국은행 광주전남본부 지방중소기업지원 프로그램 운용기준 신구조문 대비표.pdf","한국은행 광주전남본부 지방중소기업지원 프로그램 운용기준 신구조문 대비표.hwp","한국은행 광주전남본부 지방중소기업지원 프로그램 운용기준 신구조문 대비표.pdf","76288","504b24e058f24bb00834fc5f4691dd8ff54506e656d680d0b347525c3d4bd03a"
"same_title_different_format","한국은행","C:\Users\sosoj\Documents\PNU-ChatBot\src\data\한국은행\한국은행 광주전남본부 지방중소기업지원 프로그램 운용기준 신구조문 대비표_f.hwp","C:\Users\sosoj\Documents\PNU-ChatBot\src\data\한국은행\한국은행 광주전남본부 지방중소기업지원 프로그램 운용기준 신구조문 대비표_f.pdf","한국은행 광주전남본부 지방중소기업지원 프로그램 운용기준 신구조문 대비표_f.hwp","한국은행 광주전남본부 지방중소기업지원 프로그램 운용기준 신구조문 대비표_f.pdf","45568","03eb4c04cda666386a1cab04757137b2f3a08e2a07c25fc4b1070260242e7d6f"
"same_title_different_format","한국은행","C:\Users\sosoj\Documents\PNU-ChatBot\src\data\한국은행\한국은행 광주전남본부 지방중소기업지원 프로그램 운용기준 전문.hwp","C:\Users\sosoj\Documents\PNU-ChatBot\src\data\한국은행\한국은행 광주전남본부 지방중소기업지원 프로그램 운용기준 전문.pdf","한국은행 광주전남본부 지방중소기업지원 프로그램 운용기준 전문.hwp","한국은행 광주전남본부 지방중소기업지원 프로그램 운용기준 전문.pdf","83456","cb1ccab3cff72631b7e2c122e3bf7a9fc330e127734058d42304f3483730e3b0"
"same_title_different_format","한국은행","C:\Users\sosoj\Documents\PNU-ChatBot\src\data\한국은행\한국은행 광주전남본부 지방중소기업지원 프로그램 운용기준 전문_F.hwp","C:\Users\sosoj\Documents\PNU-ChatBot\src\data\한국은행\한국은행 광주전남본부 지방중소기업지원 프로그램 운용기준 전문_F.pdf","한국은행 광주전남본부 지방중소기업지원 프로그램 운용기준 전문_F.hwp","한국은행 광주전남본부 지방중소기업지원 프로그램 운용기준 전문_F.pdf","82944","6995b6a476358b35d06a48b5f727c7580ab139f821bf7ca94392df9619f5aca6"
"same_title_different_format","한국은행","C:\Users\sosoj\Documents\PNU-ChatBot\src\data\한국은행\한국은행 목포본부, 코로나19 피해 중소기업에 대한 금융지원 6개월 연장(2203)_f.hwp","C:\Users\sosoj\Documents\PNU-ChatBot\src\data\한국은행\한국은행 목포본부, 코로나19 피해 중소기업에 대한 금융지원 6개월 연장(2203)_f.pdf","한국은행 목포본부, 코로나19 피해 중소기업에 대한 금융지원 6개월 연장(2203)_f.hwp","한국은행 목포본부, 코로나19 피해 중소기업에 대한 금융지원 6개월 연장(2203)_f.pdf","120832","a638be664171ab593c1c7df454d5363a47f157f109b7709bbeec23bc0d6a95b1"
"same_title_different_format","한국은행","C:\Users\sosoj\Documents\PNU-ChatBot\src\data\한국은행\한국은행 울산본부 지방중소기업지원 프로그램 운용기준 전문(24.10월)_F.hwp","C:\Users\sosoj\Documents\PNU-ChatBot\src\data\한국은행\한국은행 울산본부 지방중소기업지원 프로그램 운용기준 전문(24.10월)_F.pdf","한국은행 울산본부 지방중소기업지원 프로그램 운용기준 전문(24.10월)_F.hwp","한국은행 울산본부 지방중소기업지원 프로그램 운용기준 전문(24.10월)_F.pdf","74240","95ea960b6fe086db6460924047362046304984df71df2a4895a834f4d6ff5969"
"same_title_different_format","한국은행","C:\Users\sosoj\Documents\PNU-ChatBot\src\data\한국은행\한국은행 울산본부 지방중소기업지원 프로그램 운용기준 전문.hwp","C:\Users\sosoj\Documents\PNU-ChatBot\src\data\한국은행\한국은행 울산본부 지방중소기업지원 프로그램 운용기준 전문.pdf","한국은행 울산본부 지방중소기업지원 프로그램 운용기준 전문.hwp","한국은행 울산본부 지방중소기업지원 프로그램 운용기준 전문.pdf","72704","bfde0752d8211d4882ce7ab6fed18a04159538d440ea30a1d69047495396e673"
"same_title_different_format","한국은행","C:\Users\sosoj\Documents\PNU-ChatBot\src\data\한국은행\한국은행 충북본부 중소기업 지원자금 운용기준(2020.02월).hwp","C:\Users\sosoj\Documents\PNU-ChatBot\src\data\한국은행\한국은행 충북본부 중소기업 지원자금 운용기준(2020.02월).pdf","한국은행 충북본부 중소기업 지원자금 운용기준(2020.02월).hwp","한국은행 충북본부 중소기업 지원자금 운용기준(2020.02월).pdf","91648","5413a0c656236438adeeb0f18d43ba4fea18a6c898480222b2ed0a5bf4e78edf"
"same_title_different_format","한국은행","C:\Users\sosoj\Documents\PNU-ChatBot\src\data\한국은행\한국은행 충북본부 중소기업 지원자금 운용기준(2021.09월).hwp","C:\Users\sosoj\Documents\PNU-ChatBot\src\data\한국은행\한국은행 충북본부 중소기업 지원자금 운용기준(2021.09월).pdf","한국은행 충북본부 중소기업 지원자금 운용기준(2021.09월).hwp","한국은행 충북본부 중소기업 지원자금 운용기준(2021.09월).pdf","90624","3b6a1ee48c5feafb2a370227250714dc2b24bb6fd64b39ae5d37c5ae72006e05"
"same_title_different_format","한국은행","C:\Users\sosoj\Documents\PNU-ChatBot\src\data\한국은행\한국은행 충북본부 지방중소기업지원 프로그램 운용기준 전문.hwp","C:\Users\sosoj\Documents\PNU-ChatBot\src\data\한국은행\한국은행 충북본부 지방중소기업지원 프로그램 운용기준 전문.pdf","한국은행 충북본부 지방중소기업지원 프로그램 운용기준 전문.hwp","한국은행 충북본부 지방중소기업지원 프로그램 운용기준 전문.pdf","81408","41735725435412cb19cf8bfdc22978a25fdb0573d153d312c032cdd0eb5a7061"
"same_title_different_format","한국은행","C:\Users\sosoj\Documents\PNU-ChatBot\src\data\한국은행\한국은행 충북본부 지방중소기업지원 프로그램 운용기준.hwp","C:\Users\sosoj\Documents\PNU-ChatBot\src\data\한국은행\한국은행 충북본부 지방중소기업지원 프로그램 운용기준.pdf","한국은행 충북본부 지방중소기업지원 프로그램 운용기준.hwp","한국은행 충북본부 지방중소기업지원 프로그램 운용기준.pdf","77312","d8225da8cb6167300b0c6e0057d77452b6a2cbac6bdfa46853f500dff1d98e51"
"same_title_different_format","한국거래소","C:\Users\sosoj\Documents\PNU-ChatBot\src\data\한국거래소\다운로드.hwp","C:\Users\sosoj\Documents\PNU-ChatBot\src\data\한국거래소\다운로드.pdf","다운로드.hwp","다운로드.pdf","197632","7b10a8c56c677c9c0a666cc208722c023daaa4cb595fa6604cb80ee1e80fc542"
"same_title_different_format","한국거래소","C:\Users\sosoj\Documents\PNU-ChatBot\src\data\한국거래소\유가증권시장 상장규정 시행세칙 일부개정세칙.hwp","C:\Users\sosoj\Documents\PNU-ChatBot\src\data\한국거래소\유가증권시장 상장규정 시행세칙 일부개정세칙.pdf","유가증권시장 상장규정 시행세칙 일부개정세칙.hwp","유가증권시장 상장규정 시행세칙 일부개정세칙.pdf","35840","6f4a4c034177ee6892677b915fb5841792a957e8fa63271ff5ba6ee7c507dc51"
